1,Q1. I am a:,"Q2. The EPTA buses (Ram Force One or Ram Express) help students travel across campus and in some cases, from Martinsburg to Shepherdstown.How often do you ride the EPTA buses?",Q3_1:To get to class,Q3_2:To get to the Rams Den for food,Q3_3:To get to group meetings,Q3_4:To go to the Wellness Center,Q3_5:Due to an injury,Q3_6:For an Accessibility reason,Q3_7:To avoid issues finding parking,Q3_8:For personal safety,Q3_9:Other - Explain:,Q3_9OT,Q4_1:Didn't know we had shuttles,Q4_2:Didn't know they were free (thought I would have to pay),Q4_3:Prefer walking,Q4_4:Don't have trouble finding parking on East Campus,Q4_5:Other - Explain:,Q4_5OT,Q5_1:To get to class,Q5_2:To get to the Rams Den for food,Q5_3:To get to group meetings,Q5_4:To go to the Wellness Center,Q5_5:Due to an injury,Q5_6:For an Accessibility reason,Q5_7:To avoid issues finding parking,Q5_8:For personal safety,Q5_9:Other - Explain:,Q5_9OT,Q6. How important is it to have a circulating bus on campus to assist students in navigating from one side of campus or from parking lots to campus buildings?,Q7_1:7:30 am - 12 pm,Q7_2:12 pm - 4 pm,Q7_3:4 pm - 7 pm,Q7_4:7 pm - 9 pm,Q7_5:Not important to me,"Q8. If budget shortfalls force a reduction of EPTA shuttle services, would you support a small fee to support these services?",Q9. Indicate your level of agreement with the following statements. - There are sufficient shuttle stops and routes to take me where I need to go on campus.,Q10. Indicate your level of agreement with the following statements. - It is difficult to find parking and the shuttle buses help alleviate parking issues.,Q11. Indicate your level of agreement with the following statements. - I know how to find/access the shuttle route schedule and information.,Q12. Indicate your level of agreement with the following statements. - The current EPTA bus services meet my satisfaction.,"Q13. Please share any additional information you would like us to consider when determining if this service should be continued, altered, or eliminated. (maximum 250 characters)",Q13_1OT,"Q14. If you are willing to participate in a focus group regarding the EPTA services, please include your Shepherd email here."
2,2,1,1,2,,4,,,,8,,,--,--,--,--,--,--,--,--,--,--,--,--,--,--,--,--,1,1,2,3,5,,2,1,1,1,1,1,THE bus service is great and it helps me get around campus. BOTH express and ram force one are a big help. For safety and getting me to class and rams den on time ,
3,1,2,1,,,,,,7,,,,--,--,--,--,--,--,--,--,--,--,--,--,--,--,--,--,1,1,,3,5,,1,2,1,1,1,,,
4,2,1,1,2,,,5,,7,,,,--,--,--,--,--,--,--,--,--,--,--,--,--,--,--,--,1,1,,,5,,2,1,1,1,1,1,"Many students don’t have cars and rely on buses, especially those with injuries or disabilities. With one dining hall across campus, buses are essential. Removing them would worsen parking and food access, hurting students.",
5,2,2,1,,,,,,,,,,--,--,--,--,--,--,--,--,--,--,--,--,--,--,--,--,1,1,2,,,,1,1,1,1,1,,,
6,2,1,1,2,3,,,,7,8,,,--,--,--,--,--,--,--,--,--,--,--,--,--,--,--,--,1,1,2,,,,2,1,1,1,2,1,This service should continue. I had a night class and needed to ride the bus because as a woman at night I didn not feel comfortable walking in the dark.,
7,1,1,1,,,4,,6,7,,,,--,--,--,--,--,--,--,--,--,--,--,--,--,--,--,--,1,1,2,3,,,2,2,1,1,1,1,Removing this service would be DETRIMENTAL for accessibility concerns & residents because the campus has failed to add a residential parking lot to east side of campus.,
8,2,2,1,2,,4,,,,8,,,--,--,--,--,--,--,--,--,--,--,--,--,--,--,--,--,1,1,2,3,5,,2,1,1,1,1,1,When it is cold EPTA help me stay warm by allowing me to get from one side to the other of campus,
9,1,6,--,--,--,--,--,--,--,--,--,--,,,,,5,i have never needed to,,,,,,,,,9,n/a,3,,,,,4,1,,,,,,,
10,2,1,1,2,3,4,,,,,,,--,--,--,--,--,--,--,--,--,--,--,--,--,--,--,--,1,1,2,,,,2,1,2,2,2,,,
11,2,3,1,2,,,,,7,,,,--,--,--,--,--,--,--,--,--,--,--,--,--,--,--,--,1,1,2,,,,1,1,1,1,1,,,
12,2,2,1,2,,,,,,,,,--,--,--,--,--,--,--,--,--,--,--,--,--,--,--,--,2,1,2,,,,2,1,1,1,1,,,
13,2,1,1,2,3,,,,,8,,,--,--,--,--,--,--,--,--,--,--,--,--,--,--,--,--,1,1,2,,,,2,1,1,1,1,,,
14,1,4,1,2,,,,,,,,,--,--,--,--,--,--,--,--,--,--,--,--,--,--,--,--,1,1,2,3,5,,2,1,1,2,2,,,
15,2,1,1,2,3,,,6,7,,,,--,--,--,--,--,--,--,--,--,--,--,--,--,--,--,--,1,1,2,,,,1,2,2,1,2,1,Continue please ,1
16,2,3,1,2,,,,,7,8,,,--,--,--,--,--,--,--,--,--,--,--,--,--,--,--,--,2,1,2,,,,2,1,1,1,1,,,
17,2,1,1,2,3,4,,,7,,,,--,--,--,--,--,--,--,--,--,--,--,--,--,--,--,--,1,1,2,,,,1,2,1,2,2,,,
18,1,5,,,,4,,,,,,,--,--,--,--,--,--,--,--,--,--,--,--,--,--,--,--,1,,,,,4,2,2,2,2,2,,,
19,1,1,1,,,,,,,,9,this school does not have enough parking for you to even consider taking away the buses. this survey is ridiculous.,--,--,--,--,--,--,--,--,--,--,--,--,--,--,--,--,1,1,2,3,5,,2,2,1,2,3,1,"it’s absolutely ridiculous you would even scare your already struggling students, both commuter and residential knowing how poorly our parking situation is. ",
20,1,1,1,2,,4,5,6,7,8,,,--,--,--,--,--,--,--,--,--,--,--,--,--,--,--,--,1,1,2,3,,,1,1,1,1,2,,,1
21,2,3,1,,,,,,,,,,--,--,--,--,--,--,--,--,--,--,--,--,--,--,--,--,2,1,2,,,,1,2,2,2,2,,,
22,2,1,--,--,--,--,--,--,--,--,--,--,--,--,--,--,--,--,--,--,--,--,--,--,--,--,--,--,,--,--,--,--,--,,,,,,,,
23,2,3,1,2,,,,,,,9,A lot when it is cold outside.,--,--,--,--,--,--,--,--,--,--,--,--,--,--,--,--,1,1,2,3,5,,1,2,1,1,1,1,Please continue this program it is so important for many students and is an amazing way of making the campus accessible.,
24,2,3,1,2,,,,,,,,,--,--,--,--,--,--,--,--,--,--,--,--,--,--,--,--,2,1,2,,,,1,1,2,1,1,,,
25,1,1,1,2,3,,,,7,,,,--,--,--,--,--,--,--,--,--,--,--,--,--,--,--,--,1,1,2,3,5,,1,3,1,1,2,1,"There are many students on this campus, myself included, who rely on the EPTA for transportation. Whether it be for accessibility purposes or other ailments, or just the convenience of it, the EPTA is a necessary service at Shepherd University.",
26,2,1,1,,,,5,6,7,8,9,Extreme weather & I have a chronic condition,--,--,--,--,--,--,--,--,--,--,--,--,--,--,--,--,1,1,2,,5,,1,1,1,1,1,1,It is absurd to eliminate a service that provides care to students with disabilities.  ,
27,2,3,1,2,3,,,,,8,,,--,--,--,--,--,--,--,--,--,--,--,--,--,--,--,--,2,1,2,,,,1,1,1,2,2,,,
28,2,3,1,,,,5,6,,,,,--,--,--,--,--,--,--,--,--,--,--,--,--,--,--,--,1,1,,,,,1,3,1,1,3,1,The buses are almost never on time or will leave before their scheduled time. It is also at awkward intervals that make leaving classes more difficult.,
29,2,4,1,2,3,,,,,,,,--,--,--,--,--,--,--,--,--,--,--,--,--,--,--,--,1,,,3,5,,1,1,4,1,1,,,
30,,,--,--,--,--,--,--,--,--,--,--,--,--,--,--,--,--,--,--,--,--,--,--,--,--,--,--,,--,--,--,--,--,,,,,,,,
31,1,3,1,,,,,,7,,,,--,--,--,--,--,--,--,--,--,--,--,--,--,--,--,--,2,,2,,,,2,1,1,1,1,,,
32,1,6,--,--,--,--,--,--,--,--,--,--,,,3,4,,,,,,,5,,,,,,3,,,,,4,2,2,3,3,,,,
33,2,1,1,2,,,,,,8,,,--,--,--,--,--,--,--,--,--,--,--,--,--,--,--,--,2,1,2,3,,,1,1,2,1,1,,,
34,2,1,1,2,,,,,,,,,--,--,--,--,--,--,--,--,--,--,--,--,--,--,--,--,2,1,2,3,,,1,2,2,1,2,,,
35,1,2,1,,,,,6,7,,,,--,--,--,--,--,--,--,--,--,--,--,--,--,--,--,--,1,1,2,,,,1,2,1,1,2,1,"Shuttles are particularly useful during bitter cold as they are heated, providing a more comfortable alternative to walking",
36,1,6,--,--,--,--,--,--,--,--,--,--,,,3,4,,,,,,,5,,7,,,,4,,,,,4,2,1,4,2,3,,,
37,1,6,--,--,--,--,--,--,--,--,--,--,,,,,5,Would rather drive and have more parking ,,,,,,,,,9,Honestly I probably won’t unless I’m with a group or at a school event or something and they are the transportation,4,,,,,4,2,2,4,3,2,,,
38,2,1,1,2,,,,6,,8,9,"To not be in the weather like cold, rain, snow, etc.",--,--,--,--,--,--,--,--,--,--,--,--,--,--,--,--,1,1,2,3,5,,1,1,2,1,1,1,I need the EPTA because I have knee problems and trying to walk around campus doesn't work for me.,1
39,2,1,1,2,3,,,,,,,,--,--,--,--,--,--,--,--,--,--,--,--,--,--,--,--,1,1,2,,,,2,1,1,1,1,1,N/a,
40,2,3,1,2,3,,,,,,,,--,--,--,--,--,--,--,--,--,--,--,--,--,--,--,--,2,,2,3,,,1,2,2,2,2,,,
41,2,2,1,2,3,,,,,,,,--,--,--,--,--,--,--,--,--,--,--,--,--,--,--,--,1,1,2,3,,,1,1,1,1,1,1,"EPTA is one of my favorite thing about SU. It makes navigating campus so much easier for students, especially the not insignificant number with disabilities (visible or invisible), and is a crucial part of Shepherd's parking strategy",1
42,2,1,1,,,4,,,,,,,--,--,--,--,--,--,--,--,--,--,--,--,--,--,--,--,2,,2,,,,2,1,2,1,1,,,
43,1,3,1,,,,5,6,7,,,,--,--,--,--,--,--,--,--,--,--,--,--,--,--,--,--,1,1,2,,,,1,1,1,1,1,1,You should open up employee parking if you’re going to discontinue and make accessible parking closer to the buildings.,
44,2,2,1,2,,,,,7,,,,--,--,--,--,--,--,--,--,--,--,--,--,--,--,--,--,1,1,2,,,,1,1,1,1,2,1,"If there was a place for residents to park on the opposite side of campus, I think that the epta would be unnecessary. But since there isn't, it is necessary because of injuries, weather, and the need to carry multiple things to class. ",
45,2,5,--,--,--,--,--,--,--,--,--,--,--,--,--,--,--,--,--,--,--,--,--,--,--,--,--,--,,--,--,--,--,--,,,,,,,,
46,1,6,--,--,--,--,--,--,--,--,--,--,,,,4,,,,,,,,6,,,,,4,,,,,4,2,2,3,2,3,,,
47,,,--,--,--,--,--,--,--,--,--,--,--,--,--,--,--,--,--,--,--,--,--,--,--,--,--,--,,--,--,--,--,--,,,,,,,,
48,1,1,1,,,,,,7,8,,,--,--,--,--,--,--,--,--,--,--,--,--,--,--,--,--,1,1,,,,,1,1,1,1,1,1,When I go to class on the East side of campus it's extremely hard to get a parking spot and have to circle around a lot until a class lets out so I can park. With EPTA it greatly relieves stress so I have an easy time getting to class,
49,2,1,1,2,3,,,,7,,,,--,--,--,--,--,--,--,--,--,--,--,--,--,--,--,--,2,1,2,3,,,1,1,1,1,1,,,
50,1,2,1,,,,,6,,8,9,"I am a ticketing officer, it is easier to get to different parking areas by taking the bus ",--,--,--,--,--,--,--,--,--,--,--,--,--,--,--,--,1,1,2,3,5,,1,1,1,1,1,1,It is very important for the many students who use it on a daily. Especially during extreme weather conditions. ,1
51,1,3,1,,,,,,7,,,,--,--,--,--,--,--,--,--,--,--,--,--,--,--,--,--,2,1,,,,,2,2,2,2,2,,,
52,,,--,--,--,--,--,--,--,--,--,--,--,--,--,--,--,--,--,--,--,--,--,--,--,--,--,--,,--,--,--,--,--,,,,,,,,
53,2,1,1,2,,,,,,8,,,--,--,--,--,--,--,--,--,--,--,--,--,--,--,--,--,1,1,2,3,,,2,2,2,1,1,1,The only issue i have is some of the drivers of the ram express bus dont wait long enough for students to arrive to the bus,
54,2,1,1,2,,,,,,,,,--,--,--,--,--,--,--,--,--,--,--,--,--,--,--,--,2,1,2,,,,2,1,1,1,1,,,
55,2,5,1,,,,,,,,,,--,--,--,--,--,--,--,--,--,--,--,--,--,--,--,--,1,1,2,,,,1,1,2,1,2,,,
56,1,1,1,2,3,4,5,6,7,8,,,--,--,--,--,--,--,--,--,--,--,--,--,--,--,--,--,1,1,2,,,,1,1,1,1,1,1,I am a commuter who had a car accident when roads were icy and I was on the way to campus. The EPTA shuttle has allowed me to continue to attend Shepherd despite losing my car. It is extremely important to me.,1
57,2,1,1,2,3,4,5,,7,8,,,--,--,--,--,--,--,--,--,--,--,--,--,--,--,--,--,1,1,2,3,,,2,1,1,1,1,1,It the cold weather I don't want to walk to class. For residents there is NO parking AT ALL if you get rid of the bus that's stupid. If you do get a parking lot that the we can park at. ,
58,2,3,1,,,,,,,,,,--,--,--,--,--,--,--,--,--,--,--,--,--,--,--,--,3,1,2,,,,2,2,,2,2,,,
59,1,6,--,--,--,--,--,--,--,--,--,--,,,,4,,,1,,,,,,7,,,,2,1,2,,,,2,2,3,2,2,1,"It should be continued, because I see lots of people use them",
60,2,2,1,2,,,,,,8,,,--,--,--,--,--,--,--,--,--,--,--,--,--,--,--,--,1,1,2,3,,,1,1,1,1,1,1,"Busses should run on weekends, especially in winter time when the rams den is open and it's 6⁰ outside. ",1
61,2,1,1,2,3,,,6,,8,,,--,--,--,--,--,--,--,--,--,--,--,--,--,--,--,--,1,1,2,,,,1,1,2,1,1,,,
62,1,6,--,--,--,--,--,--,--,--,--,--,,,3,,5,i get tremendously carsick if i am not the one driving,,,,,,,,,9,i would not,4,,,,,4,2,1,2,1,1,1,nothing comes to mind,
63,2,5,1,,,,,,,,,,--,--,--,--,--,--,--,--,--,--,--,--,--,--,--,--,4,1,,,,,2,2,3,3,2,,,
64,2,5,1,2,3,,,,7,,9,Avoid the cold in winter ,--,--,--,--,--,--,--,--,--,--,--,--,--,--,--,--,1,1,,3,5,,2,1,1,1,1,,,
65,2,1,1,2,,,,,7,8,,,--,--,--,--,--,--,--,--,--,--,--,--,--,--,--,--,1,1,2,,,,1,1,1,1,1,,,
66,2,2,1,2,,,,,7,,,,--,--,--,--,--,--,--,--,--,--,--,--,--,--,--,--,2,1,,,5,,2,1,1,1,1,,,
67,1,2,1,,,,,,7,,,,--,--,--,--,--,--,--,--,--,--,--,--,--,--,--,--,3,1,,,,,2,1,2,1,1,,,
68,2,1,1,2,,,,,,8,9,ITS COLD,--,--,--,--,--,--,--,--,--,--,--,--,--,--,--,--,2,1,2,3,5,,1,1,2,2,1,1,I believe the most important time for EPTA is during the winter months and the height of the summer. I also believe it’s more important for resident students to get across campus more efficiently and the commuters who park in H Lot. ,1
69,2,3,1,,,,,,7,,,,--,--,--,--,--,--,--,--,--,--,--,--,--,--,--,--,2,1,2,,,,2,1,2,1,1,,,
70,2,2,1,,,,,,,,,,--,--,--,--,--,--,--,--,--,--,--,--,--,--,--,--,1,1,,3,5,,1,1,1,1,1,,,
71,2,1,1,,,4,,,7,,,,--,--,--,--,--,--,--,--,--,--,--,--,--,--,--,--,1,1,2,3,,,1,1,2,1,2,1,"I do not have a car on campus. I live in the apartments, which are a 15-17 minute walk to my classes. Without the bus it would be very difficult to get to classes.",
72,2,2,1,,,,,,,,,,--,--,--,--,--,--,--,--,--,--,--,--,--,--,--,--,2,1,2,,,,1,1,2,1,2,,,
73,1,6,--,--,--,--,--,--,--,--,--,--,,,3,4,,,,,,,,,,,9,I don't think I would ever use it,4,,,,,4,2,2,3,4,2,1,"The campus is very small and, as far as I can tell, adequately handicap accessible. The shuttle really just seems like a waste of resources.",
74,2,3,1,,,,5,,7,,,,--,--,--,--,--,--,--,--,--,--,--,--,--,--,--,--,1,1,2,,,,2,2,1,1,2,1,n/a,
75,2,6,--,--,--,--,--,--,--,--,--,--,,,3,,,,,,,,,,7,,,,4,,,,,4,2,2,2,3,2,1,N/A,
76,2,1,1,2,,,,,,,,,--,--,--,--,--,--,--,--,--,--,--,--,--,--,--,--,2,1,,,5,,2,2,2,2,2,,,
77,2,1,1,2,,,,6,,8,,,--,--,--,--,--,--,--,--,--,--,--,--,--,--,--,--,1,1,2,3,,,1,1,1,1,1,1,As a student who has pots the epta makes it easier for me to get from one side to another without worry of an episode as walking is very hard and can be dangerous for my condition ,
78,1,6,--,--,--,--,--,--,--,--,--,--,,,3,4,5,Not always conducive to my schedule when parking on West Campus.,1,,,,5,,,,,,,--,--,--,--,--,,,,,,,,
79,2,1,1,2,3,4,5,,7,8,,,--,--,--,--,--,--,--,--,--,--,--,--,--,--,--,--,1,1,2,,,,1,1,1,1,1,1,You have to increase parking spots if you eliminate EPTA,1
80,1,6,--,--,--,--,--,--,--,--,--,--,,2,,,,,1,,,,,,,,,,2,1,,,,,1,2,1,2,1,,,
81,1,6,--,--,--,--,--,--,--,--,--,--,,2,,,,,1,,,,,6,7,,,,3,,,,,4,2,2,1,3,2,,,
82,1,6,--,--,--,--,--,--,--,--,--,--,,,,4,,,1,2,,,5,,,,,,3,,,,,4,2,1,2,1,1,,,
83,2,1,1,2,3,4,,,7,,,,--,--,--,--,--,--,--,--,--,--,--,--,--,--,--,--,1,1,2,,,,2,1,1,1,1,,,
84,1,5,1,2,,,,,7,,,,--,--,--,--,--,--,--,--,--,--,--,--,--,--,--,--,,--,--,--,--,--,,,,,,,,
85,2,1,1,2,3,4,,,7,8,,,--,--,--,--,--,--,--,--,--,--,--,--,--,--,--,--,1,1,2,3,5,,2,1,1,1,1,,,
86,2,1,1,2,3,4,,,7,,,,--,--,--,--,--,--,--,--,--,--,--,--,--,--,--,--,1,1,2,3,,,2,1,1,1,1,,,
87,2,1,1,2,,,,,7,,,,--,--,--,--,--,--,--,--,--,--,--,--,--,--,--,--,1,1,2,3,,,2,1,1,1,1,1,I don’t think it’s fair to charge a fee for the EPTA when residents are already paying for a parking pass that can’t even be used on most parts of campus. ,
88,2,1,1,2,3,,,,7,8,,,--,--,--,--,--,--,--,--,--,--,--,--,--,--,--,--,1,1,2,,,,2,1,1,1,1,1,Students should not have to pay the bus fee on top of the $70 parking pass fee (which does not even work for the residents on most areas of campus),
89,2,1,1,,,,,,7,,,,--,--,--,--,--,--,--,--,--,--,--,--,--,--,--,--,1,1,2,,,,2,2,2,1,2,1,There should not be an extra fee for etpa because we already pay $70 for a parking pass that I can’t even use on most of campus.,
90,1,6,--,--,--,--,--,--,--,--,--,--,,,,,5,I have a car,,,,,,,,,9,To bring more students to Tabler Farm,1,,2,,,,2,3,3,3,2,1,People wont use tabler farm if they cannot walk or commute. ,
91,2,2,1,2,3,,,6,,8,,,--,--,--,--,--,--,--,--,--,--,--,--,--,--,--,--,2,1,2,3,,,1,1,1,1,1,1,The shuttle is an important accessibility feature for many students and to see it taken way would be alienating to the students who rely on it.,
92,1,6,--,--,--,--,--,--,--,--,--,--,,,,,5,do not want to have to wait for them,,2,,,5,6,7,8,,,4,1,,,5,,2,4,4,4,4,,,
93,1,5,1,,,,,,7,,,,--,--,--,--,--,--,--,--,--,--,--,--,--,--,--,--,2,1,2,,,,1,1,1,1,2,,,
94,1,3,1,,3,4,,,,,,,--,--,--,--,--,--,--,--,--,--,--,--,--,--,--,--,1,1,,3,,,1,2,1,3,2,,,
95,2,2,1,2,,,,,,,,,--,--,--,--,--,--,--,--,--,--,--,--,--,--,--,--,1,1,,,,,1,1,1,1,1,,,
96,2,1,1,2,3,,,,7,,,,--,--,--,--,--,--,--,--,--,--,--,--,--,--,--,--,1,1,2,3,5,,1,1,1,1,1,1,Literally hundreds of students use the buses everyday. There should be no question whether they are important. ,
97,2,1,1,2,3,,,,7,8,,,--,--,--,--,--,--,--,--,--,--,--,--,--,--,--,--,1,1,2,,,,2,1,1,1,1,,,
98,2,2,1,2,,,,,7,8,,,--,--,--,--,--,--,--,--,--,--,--,--,--,--,--,--,1,,2,,5,,1,1,1,1,1,,,
99,3,1,1,2,3,4,,,7,8,9,bad weather,--,--,--,--,--,--,--,--,--,--,--,--,--,--,--,--,1,1,2,3,5,,2,3,3,1,2,1,i think that $90 per student per year is nothing in comparison to 30 million on athletics building improvements. services and education should be prioritized before sports.,1
100,2,1,1,2,3,,,,7,8,,,--,--,--,--,--,--,--,--,--,--,--,--,--,--,--,--,1,1,2,,,,2,1,1,1,1,1,"This transportation is extremely nice especially when it's cold out, raining, or extremely hot. I think this also helps with residents not parking in commuter lots because they can take the bus. ",
101,,,--,--,--,--,--,--,--,--,--,--,--,--,--,--,--,--,--,--,--,--,--,--,--,--,--,--,,--,--,--,--,--,,,,,,,,
102,2,2,1,,,,,,,,,,--,--,--,--,--,--,--,--,--,--,--,--,--,--,--,--,2,1,2,,,,1,2,2,1,1,,,
103,,,--,--,--,--,--,--,--,--,--,--,--,--,--,--,--,--,--,--,--,--,--,--,--,--,--,--,,--,--,--,--,--,,,,,,,,
104,2,6,--,--,--,--,--,--,--,--,--,--,,,3,,,,,,,,,,,,9,,,--,--,--,--,--,,,,,,,,
105,2,6,--,--,--,--,--,--,--,--,--,--,,,3,,,,1,2,3,4,5,6,7,,,,1,1,2,3,5,,2,2,2,2,2,,,
106,1,5,1,,,4,,,,,,,--,--,--,--,--,--,--,--,--,--,--,--,--,--,--,--,3,,,,,4,2,2,,2,2,,,
107,2,2,1,2,3,,,,,,,,--,--,--,--,--,--,--,--,--,--,--,--,--,--,--,--,1,1,2,3,,,2,1,1,1,2,,,
108,2,3,1,2,,,,6,,,,,--,--,--,--,--,--,--,--,--,--,--,--,--,--,--,--,1,1,2,,,,1,1,1,1,1,,,
109,2,1,1,2,3,,,,,8,,,--,--,--,--,--,--,--,--,--,--,--,--,--,--,--,--,1,1,,3,,,2,1,1,1,1,,,
110,1,5,,,,,,,,,9,"So, I don't have to walk all the way to my car after I am done with classes.",--,--,--,--,--,--,--,--,--,--,--,--,--,--,--,--,1,1,2,3,,,1,1,3,1,1,,,
111,1,1,1,2,3,4,5,6,7,8,,,--,--,--,--,--,--,--,--,--,--,--,--,--,--,--,--,1,1,2,3,5,,2,1,1,1,1,,,
112,2,5,1,2,3,,,,,,,,--,--,--,--,--,--,--,--,--,--,--,--,--,--,--,--,1,1,2,3,5,,2,2,1,1,1,1,Maybe try to figure out the parking problem before getting rid of things that actually help the campus.,
113,1,6,--,--,--,--,--,--,--,--,--,--,,,,4,,,,,,,5,6,,,,,3,,,,,4,2,2,4,1,2,,,
114,2,1,1,2,,,,,7,8,9,because it’s cold!,--,--,--,--,--,--,--,--,--,--,--,--,--,--,--,--,1,1,2,,,,1,1,1,1,1,1,I use the bus all the time! it would be so sad if it went away :(,1
115,2,2,1,2,3,4,5,,,8,,,--,--,--,--,--,--,--,--,--,--,--,--,--,--,--,--,1,1,2,3,5,,1,1,1,1,1,,,
116,2,3,,,,,5,6,,,,,--,--,--,--,--,--,--,--,--,--,--,--,--,--,--,--,1,1,2,3,5,,1,1,1,1,1,1,I am disabled.,1
117,1,6,--,--,--,--,--,--,--,--,--,--,,,,4,,,,,,,,,,,9,Never,4,,,,,4,2,2,4,1,2,1,None,
118,2,2,1,2,,,,,7,8,,,--,--,--,--,--,--,--,--,--,--,--,--,--,--,--,--,1,1,2,3,,,1,1,1,1,2,1,I feel that the EPTA is a crucial mode of transportation for students with any type of disability that makes traveling to classes difficult.,
119,1,3,1,,3,,5,,7,,,,--,--,--,--,--,--,--,--,--,--,--,--,--,--,--,--,1,1,2,,,,2,2,1,1,2,,,
120,1,6,--,--,--,--,--,--,--,--,--,--,,,,4,,,,,,,,,7,,,,2,1,2,,,,1,2,2,2,2,,,
121,2,2,1,2,,,,,7,8,,,--,--,--,--,--,--,--,--,--,--,--,--,--,--,--,--,1,,2,3,,,2,1,1,1,1,1,"I do not support the decision to remove the EPTA bus from campus because for all students with accessibility needs, and for residents trying to get to east side of campus because the school does not have res. parking lots there.",
122,2,1,1,2,3,,,,,8,,,--,--,--,--,--,--,--,--,--,--,--,--,--,--,--,--,1,,2,,,,2,1,1,1,1,,,
123,2,1,1,,,,,6,,,9,To avoid walking in the weather,--,--,--,--,--,--,--,--,--,--,--,--,--,--,--,--,1,1,2,3,5,,1,1,1,1,1,1,The bus is nice. Please dont get rid of it,1
124,1,5,,2,,4,,,7,,,,--,--,--,--,--,--,--,--,--,--,--,--,--,--,--,--,1,1,2,3,5,,1,1,1,4,1,1,"I think the service should be continued, it helps people on campus who have disabilities, trouble finding parking, and time management and it is a wonderful tool to help students on campus and it should continue to be available.",
125,2,3,1,2,3,,,,,8,9,Due to weather ,--,--,--,--,--,--,--,--,--,--,--,--,--,--,--,--,1,1,,,5,,1,2,1,1,2,,,
126,2,6,--,--,--,--,--,--,--,--,--,--,,,3,,,,,,,,5,6,,8,,,1,1,2,3,5,,1,1,1,1,1,1,Don’t get rid of something crucial to those with accessibility needs.,
127,2,1,1,2,,4,,,,,,,--,--,--,--,--,--,--,--,--,--,--,--,--,--,--,--,1,1,2,,,,2,1,1,1,1,,,
128,2,5,1,2,,,,,7,,,,--,--,--,--,--,--,--,--,--,--,--,--,--,--,--,--,2,,2,,,,2,2,2,2,2,,,
129,2,2,1,2,3,,,,7,,,,--,--,--,--,--,--,--,--,--,--,--,--,--,--,--,--,1,1,2,3,5,,1,1,1,1,2,1,"As a residential student, we have nowhere to park. and when it’s really cold or there’s time crunch’s I need the bus to get across campus from West Woods.",1
130,1,2,1,2,3,,5,,7,8,,,--,--,--,--,--,--,--,--,--,--,--,--,--,--,--,--,2,1,2,3,,,2,2,1,1,1,,,
131,2,2,1,2,3,4,,6,7,,,,--,--,--,--,--,--,--,--,--,--,--,--,--,--,--,--,1,1,2,3,5,,1,1,1,1,1,1,This was an extremely useful service when I had a back injury and could not walk across campus. It would be a shame if this was taken away from campus.,1
132,2,1,1,2,3,4,,,,,,,--,--,--,--,--,--,--,--,--,--,--,--,--,--,--,--,1,1,2,,,,1,1,1,1,1,,,
133,2,1,1,2,3,4,5,,,8,9,Work,--,--,--,--,--,--,--,--,--,--,--,--,--,--,--,--,1,1,2,3,,,1,2,1,1,2,1,"Living over at the apartments it can be hard for me to get on the other side of campus; esp when there is poor weather (snow, rain, extreme winds, cold). My roommate has to use a cane some days and has to travel is via the EPTA.  ",1
134,2,3,1,2,3,,,,7,8,,,--,--,--,--,--,--,--,--,--,--,--,--,--,--,--,--,1,1,2,3,,,1,1,4,1,1,1,Commuters need to be instructed to park in H lot and use the buses to get to East Campus. Bus use will go up if everyone uses our available resources as the school intended.,1
135,2,1,1,2,3,4,5,6,7,8,,,--,--,--,--,--,--,--,--,--,--,--,--,--,--,--,--,1,1,2,3,5,,1,1,1,1,1,1,The EPTA should be continued. It’s beneficial on campus even if it is used mostly by residential students only. Without the bus no student would be in class or able to make it to class ESPECIALLY in the freezing winters or the excessive heat.,
136,2,1,1,2,,,,,,8,,,--,--,--,--,--,--,--,--,--,--,--,--,--,--,--,--,1,1,2,3,5,,2,1,2,2,2,,,
137,1,5,1,,,,,,7,,,,--,--,--,--,--,--,--,--,--,--,--,--,--,--,--,--,2,1,2,,,,2,1,1,1,1,,,
138,2,2,1,2,,,,,,8,,,--,--,--,--,--,--,--,--,--,--,--,--,--,--,--,--,1,1,2,3,5,,1,1,1,2,1,1,"Disabled and injured students are owed transportation across campus. In addition, as a woman who takes classes that end at 7pm and 9pm, I do not feel safe walking back to my campus apartment alone in the dark",1
139,1,1,,,,,,,,,9,martinsburg,--,--,--,--,--,--,--,--,--,--,--,--,--,--,--,--,1,1,2,3,5,,2,1,1,1,1,,,
140,2,1,1,2,,,,,,8,,,--,--,--,--,--,--,--,--,--,--,--,--,--,--,--,--,1,1,,3,,,2,1,2,1,1,1,The EPTA bus service is extremely valuable for all on campus and allows for quick and easy transportation around campus. ,
141,2,1,1,2,3,4,5,,7,,,,--,--,--,--,--,--,--,--,--,--,--,--,--,--,--,--,1,1,2,3,5,,2,1,1,1,1,1,The parking on campus is already horrible to navigate and without the epta it forces residencial students to walk across campus. Walking is not bad until it 15 degrees and cold. Also i’m broke and can’t afford to pay everyday to get across campus. ,
142,2,2,1,2,3,,5,,7,8,,,--,--,--,--,--,--,--,--,--,--,--,--,--,--,--,--,1,1,2,3,5,,1,1,1,1,1,1,The EPTA is a vital service for the student body to have access to. Taking it away will show that the administration does not care about its students well-being.,
143,1,6,--,--,--,--,--,--,--,--,--,--,,,,4,,,,,,,,,,,9,Only if I was right beside it as I was walking to class ,4,,,,,4,2,1,4,2,2,1,No one uses it but because there’s a bunch of liberals on campus they’ll cry that it’s being removed. Remove it and invest the money elsewhere to help Shepherd.,
144,2,1,1,2,,,,,,,,,--,--,--,--,--,--,--,--,--,--,--,--,--,--,--,--,1,,2,3,,,2,1,1,2,2,,,
145,2,1,1,2,3,4,,,7,8,,,--,--,--,--,--,--,--,--,--,--,--,--,--,--,--,--,1,1,2,3,5,,2,1,1,1,1,1,Please do not eliminate EPTA. It is extremely essential to the whole campus. Eliminating the EPTA would be detrimental to resident life and users all around campus.,1
146,1,2,1,,,,,,7,8,,,--,--,--,--,--,--,--,--,--,--,--,--,--,--,--,--,1,1,2,3,,,1,1,1,1,1,,,
147,2,1,1,2,,,,,,,9,Chronic joint pain,--,--,--,--,--,--,--,--,--,--,--,--,--,--,--,--,1,1,2,,,,1,1,1,1,1,1,The elimination of the EPTA services would be discriminatory to those with disabilities who cannot easily transport themselves across campus.,
148,2,3,1,,3,,5,6,7,8,,,--,--,--,--,--,--,--,--,--,--,--,--,--,--,--,--,1,1,2,,,,1,1,1,1,2,,,
149,2,3,1,2,,,,,7,,,,--,--,--,--,--,--,--,--,--,--,--,--,--,--,--,--,1,1,2,,,,1,1,1,1,1,,,
150,1,6,--,--,--,--,--,--,--,--,--,--,,,,4,,,,,,4,,,,,,,3,1,,,,,1,2,2,3,2,,,
151,2,2,1,,3,,,,,8,,,--,--,--,--,--,--,--,--,--,--,--,--,--,--,--,--,1,1,2,,,,2,1,1,1,2,,,
152,2,6,--,--,--,--,--,--,--,--,--,--,,,3,4,,,,,,,5,6,,8,,,3,,,,,4,2,,,,,,,
153,1,1,1,2,,,,,7,,,,--,--,--,--,--,--,--,--,--,--,--,--,--,--,--,--,1,1,2,,,,1,1,2,1,1,,,
154,2,1,1,2,3,4,5,6,7,8,,,--,--,--,--,--,--,--,--,--,--,--,--,--,--,--,--,1,1,2,3,5,,2,1,1,1,1,,,
155,2,1,1,2,,,,,7,,,,--,--,--,--,--,--,--,--,--,--,--,--,--,--,--,--,1,1,2,3,,,1,1,1,1,2,,,
156,2,1,1,2,3,4,5,6,7,8,,,--,--,--,--,--,--,--,--,--,--,--,--,--,--,--,--,1,1,2,3,5,,2,1,1,1,1,,,
157,1,1,1,,3,,5,,7,8,,,--,--,--,--,--,--,--,--,--,--,--,--,--,--,--,--,1,1,2,,,,2,2,2,1,2,,,
158,2,2,1,2,3,4,,,,8,,,--,--,--,--,--,--,--,--,--,--,--,--,--,--,--,--,1,1,2,3,5,,1,1,1,1,1,1,"Please do not take away the EPTA, there is not enough parking for residential students to get to their classes. ",
159,2,1,1,2,3,4,5,6,7,,,,--,--,--,--,--,--,--,--,--,--,--,--,--,--,--,--,1,1,2,3,5,,1,2,1,1,2,,,
160,2,1,1,2,3,4,,6,,,,,--,--,--,--,--,--,--,--,--,--,--,--,--,--,--,--,1,1,2,,,,1,1,1,1,1,,,
161,2,1,1,2,,4,,6,,,,,--,--,--,--,--,--,--,--,--,--,--,--,--,--,--,--,1,1,2,3,5,,2,1,1,1,1,1,There are many disabled people on campus who may not need mobility aids but can't walk up and down the hills in town and need that assistance. Or there's bad weather that males it hard to cross campus.,1
162,2,1,1,2,3,,,,,,,,--,--,--,--,--,--,--,--,--,--,--,--,--,--,--,--,1,1,2,,,,1,1,1,1,1,1,"I feel like they could go down to only one bus, but i feel like a bus is needed. Maybe do a bus pass. Like a parking pass. You pay a one time fee per year to ride the bus.",
163,1,2,--,--,--,--,--,--,--,--,--,--,--,--,--,--,--,--,--,--,--,--,--,--,--,--,--,--,,--,--,--,--,--,,,,,,,,
164,2,1,1,,3,4,5,6,,8,,,--,--,--,--,--,--,--,--,--,--,--,--,--,--,--,--,1,1,,3,5,,1,1,1,1,1,1,"If the epta were not available I would not be able to attend classes. I am disabled and cannot walk across campus and cannot drive so I rely on the bus as transit to classes, work, and foo.",1
165,2,3,1,2,3,4,,6,,8,,,--,--,--,--,--,--,--,--,--,--,--,--,--,--,--,--,1,1,2,3,,,1,2,2,1,3,1,"I actually believe if EPTA (especially ram force one) circulated more frequently, I would use it at least daily ",
166,2,3,1,2,,,,,7,,,,--,--,--,--,--,--,--,--,--,--,--,--,--,--,--,--,2,1,2,3,,,2,1,2,1,1,,,
167,1,2,1,2,,4,,,7,,,,--,--,--,--,--,--,--,--,--,--,--,--,--,--,--,--,1,1,2,,,,2,1,1,1,1,,,
168,2,2,1,2,3,4,,6,7,8,9,"When I get POTS flares, I cannot walk between both sides of campus due to strain on my heart. ",--,--,--,--,--,--,--,--,--,--,--,--,--,--,--,--,1,1,2,3,5,,2,1,1,2,1,1,"Please consider the many students with disabilities. I have POTS (walking far during flares strains my heart) and mobility issues due to EDS. Keep EPTA as-is, and consider cuts elsewhere (expensive sports program) or adding *small* fees.",
169,2,1,1,2,,,,6,,,,,--,--,--,--,--,--,--,--,--,--,--,--,--,--,--,--,1,1,2,3,,,1,2,1,1,2,1,i live on campus and need the bus to get around due to disability ,
170,2,2,1,2,,,,,7,,,,--,--,--,--,--,--,--,--,--,--,--,--,--,--,--,--,2,1,2,3,,,1,2,2,2,2,,,
171,2,1,1,2,,,5,6,7,8,,,--,--,--,--,--,--,--,--,--,--,--,--,--,--,--,--,1,1,2,3,5,,2,1,1,1,1,,,
172,2,1,1,,,4,,,,8,,,--,--,--,--,--,--,--,--,--,--,--,--,--,--,--,--,1,1,2,3,5,,1,3,1,2,2,,,
173,2,5,1,2,,,,,7,,,,--,--,--,--,--,--,--,--,--,--,--,--,--,--,--,--,1,1,2,3,,,2,1,1,1,1,,,
174,2,2,1,,,,,,7,8,,,--,--,--,--,--,--,--,--,--,--,--,--,--,--,--,--,1,,2,,,,1,1,1,1,1,,,
175,2,1,1,2,,4,,,7,,9,Cold weather/ice,--,--,--,--,--,--,--,--,--,--,--,--,--,--,--,--,1,1,2,,,,2,1,1,1,1,1,"I feel that the buses on shepherd campus are so important to the student body. Every time I ride the bus, there is at least 5-10 people  ",1
176,2,1,1,2,,,5,,,8,,,--,--,--,--,--,--,--,--,--,--,--,--,--,--,--,--,2,,,3,5,,2,1,2,2,2,1,"I need the EPTA because I have two night classes every week and have no car on campus, I don't feel safe walking across campus at night.",
177,1,2,,,3,4,,6,,,,,--,--,--,--,--,--,--,--,--,--,--,--,--,--,--,--,1,1,,,5,,2,1,1,1,2,,,
178,1,1,1,,,,,6,,,,,--,--,--,--,--,--,--,--,--,--,--,--,--,--,--,--,2,1,2,,,,1,1,1,1,1,1,I am a shepherd student that doesn’t live on campus. I also can’t drive. So the EPtA bus is how I have gotten to class every day for the past 3 years.  I would be so disappointed if this were to go away. ,1
179,2,5,1,2,,,,,7,8,,,--,--,--,--,--,--,--,--,--,--,--,--,--,--,--,--,1,1,2,3,5,,1,2,2,2,2,,,
180,1,5,,,,,,,7,,,,--,--,--,--,--,--,--,--,--,--,--,--,--,--,--,--,1,1,2,3,5,,2,4,4,4,4,1,"Every single one of the drivers are rude. As I was leaving my dorm, I saw a EPTA driver almost hit a driver and honked at them even tho they were in the wrong. Incredibly rude, blocks people from leaving the lots.",
181,2,2,,2,,4,,,,,9,To get back to Potomac ,--,--,--,--,--,--,--,--,--,--,--,--,--,--,--,--,1,1,2,3,5,,2,1,1,1,1,,,
182,2,1,1,2,,,,,7,,,,--,--,--,--,--,--,--,--,--,--,--,--,--,--,--,--,1,1,2,,,,2,2,2,2,2,,,
183,2,2,1,2,,4,5,,,8,9,To get to the other side of campus for work,--,--,--,--,--,--,--,--,--,--,--,--,--,--,--,--,1,1,2,3,5,,1,1,1,1,1,1,The Epta is very important for safety of students who take night classes and don’t have cars,1
184,2,1,1,2,3,,,,,,,,--,--,--,--,--,--,--,--,--,--,--,--,--,--,--,--,1,1,,3,,,1,1,1,1,1,,,
185,2,3,1,,3,,,,,8,,,--,--,--,--,--,--,--,--,--,--,--,--,--,--,--,--,1,1,2,3,,,2,2,1,1,2,1,It would be helpful if the buses started at 7:30 so I could use them to get to my 8:00 class.,
186,2,1,1,2,3,4,,,7,8,,,--,--,--,--,--,--,--,--,--,--,--,--,--,--,--,--,1,1,2,3,5,,2,3,1,1,1,1,"Removing this service will cause Shepherd University to have a worse reputation than it already does amongst current students, prospective students, (and like myself) new transfer students.  Removing it would be a grave mistake. ",1
187,2,6,--,--,--,--,--,--,--,--,--,--,,,3,,5,I like to have my own agency of getting places when I want and not on a bus schedule ,,,,,,,7,,,,2,,,,,4,2,,,,,,,
188,2,2,1,,3,,,,7,,,,--,--,--,--,--,--,--,--,--,--,--,--,--,--,--,--,1,,2,,,,1,1,2,1,1,,,
189,2,1,1,2,,,,,,8,,,--,--,--,--,--,--,--,--,--,--,--,--,--,--,--,--,1,1,2,3,,,1,2,1,1,2,,,
190,2,2,1,2,3,,,,,,9,Weather,--,--,--,--,--,--,--,--,--,--,--,--,--,--,--,--,1,1,,3,5,,1,2,2,2,2,,,
191,1,4,,,,4,,,7,,,,--,--,--,--,--,--,--,--,--,--,--,--,--,--,--,--,1,1,,3,,,1,2,1,1,1,1,n/a,1
192,2,2,1,,,,,,7,,,,--,--,--,--,--,--,--,--,--,--,--,--,--,--,--,--,1,1,2,,,,2,1,1,1,1,,,
193,,,--,--,--,--,--,--,--,--,--,--,--,--,--,--,--,--,--,--,--,--,--,--,--,--,--,--,,--,--,--,--,--,,,,,,,,
194,2,1,1,2,3,,,,,8,,,--,--,--,--,--,--,--,--,--,--,--,--,--,--,--,--,1,1,2,3,,,1,1,2,1,2,1,"I strongly believe that this service should be continued, and while I would support fees to continue it if absolutely necessary, I think we should first consider cuts to athletic programs and new construction.",
195,2,5,,,,,,,7,,,,--,--,--,--,--,--,--,--,--,--,--,--,--,--,--,--,,--,--,--,--,--,,,,,,,,
196,1,1,1,2,,,,,,8,,,--,--,--,--,--,--,--,--,--,--,--,--,--,--,--,--,1,1,2,3,,,2,2,1,1,1,,,
197,2,1,1,2,3,4,5,,7,,,,--,--,--,--,--,--,--,--,--,--,--,--,--,--,--,--,,--,--,--,--,--,,,,,,,,
198,3,3,1,2,,,,,7,,,,--,--,--,--,--,--,--,--,--,--,--,--,--,--,--,--,1,1,,3,,,2,1,2,1,1,1,Keeping the EPTA services will help people with disabilities especially for the safety of women on campus,
199,2,1,1,2,3,,,,,,,,--,--,--,--,--,--,--,--,--,--,--,--,--,--,--,--,1,1,,,5,,2,2,2,2,1,,,
200,2,1,1,2,,,,,,,,,--,--,--,--,--,--,--,--,--,--,--,--,--,--,--,--,1,1,2,,,,2,1,2,3,1,1,Continue the bus support ,
201,2,2,1,2,,,,,,,,,--,--,--,--,--,--,--,--,--,--,--,--,--,--,--,--,1,1,2,3,,,1,1,1,1,1,1,The bus should definitely be continued. I use it daily to get to class and I have classes that run until almost 8pm. I feel safe riding the bus especially when it’s dark outside and I don’t feel comfortable walking to my apartment. ,
202,2,2,1,,,,,,,,,,--,--,--,--,--,--,--,--,--,--,--,--,--,--,--,--,3,1,,,,,2,2,2,2,2,1,I don’t want to be charged extra,
203,1,6,--,--,--,--,--,--,--,--,--,--,,,,,5,Because it’s quicker to get to my car rather than parking and get on the bus ,,,,,,,7,,,,4,,,,,4,2,4,4,4,4,1,I don’t wanna pay 90 dollars when it does not benefit me as a commuter ,1
204,1,1,1,,,4,,6,7,,,,--,--,--,--,--,--,--,--,--,--,--,--,--,--,--,--,1,1,2,3,,,1,2,1,1,1,,,
205,1,5,1,,,,,,,,,,--,--,--,--,--,--,--,--,--,--,--,--,--,--,--,--,1,,,3,5,,1,1,1,1,1,,,
206,2,1,1,2,3,4,5,6,,8,,,--,--,--,--,--,--,--,--,--,--,--,--,--,--,--,--,1,1,2,3,5,,2,1,1,1,1,1,Canceling the shuttle would be a complete disservice to shepherd university ,
207,1,5,1,,,,,,7,,,,--,--,--,--,--,--,--,--,--,--,--,--,--,--,--,--,1,1,2,3,,,1,2,1,2,2,,,
208,,,--,--,--,--,--,--,--,--,--,--,--,--,--,--,--,--,--,--,--,--,--,--,--,--,--,--,,--,--,--,--,--,,,,,,,,
209,1,2,1,2,3,4,5,,,8,,,--,--,--,--,--,--,--,--,--,--,--,--,--,--,--,--,1,1,2,3,5,,1,1,2,1,1,1,Eliminating the EPTA bus service makes shepherd less accessible to the students who need that service most.,
210,2,3,1,,,,,,,,9,Weather related,--,--,--,--,--,--,--,--,--,--,--,--,--,--,--,--,1,1,2,3,,,1,2,2,1,2,1,Align bus schedule to fit when classes let out. ,1
211,2,3,,,,,5,,7,8,9,Whether related ,--,--,--,--,--,--,--,--,--,--,--,--,--,--,--,--,1,1,2,3,,,1,2,2,1,2,1,Bus schedule should align with when classes get out and start. ,1
212,2,2,1,2,,4,,,,,,,--,--,--,--,--,--,--,--,--,--,--,--,--,--,--,--,1,1,2,,,,2,1,1,1,1,,,
213,2,2,1,2,3,4,,,7,,,,--,--,--,--,--,--,--,--,--,--,--,--,--,--,--,--,1,1,2,,,,1,1,1,1,1,,,
214,1,3,1,,,,,,7,,,,--,--,--,--,--,--,--,--,--,--,--,--,--,--,--,--,1,1,2,,,,2,1,1,1,1,,,
215,,,--,--,--,--,--,--,--,--,--,--,--,--,--,--,--,--,--,--,--,--,--,--,--,--,--,--,,--,--,--,--,--,,,,,,,,
216,2,3,1,,,,,,,,,,--,--,--,--,--,--,--,--,--,--,--,--,--,--,--,--,1,1,2,,5,,1,1,4,1,1,,,
217,1,5,1,,,4,,,7,,,,--,--,--,--,--,--,--,--,--,--,--,--,--,--,--,--,3,1,2,,,,2,2,2,3,2,,,
218,1,5,1,,,,,,7,,,,--,--,--,--,--,--,--,--,--,--,--,--,--,--,--,--,1,,2,,,,2,1,1,1,1,,,
219,2,1,1,2,3,,,,7,8,,,--,--,--,--,--,--,--,--,--,--,--,--,--,--,--,--,1,,2,3,5,,1,1,2,1,1,,,
220,2,2,1,2,3,,,,7,8,,,--,--,--,--,--,--,--,--,--,--,--,--,--,--,--,--,1,1,2,3,5,,2,1,2,1,2,1,The EPTA bus is ESSENTIAL especially when it’s 10° and windy out.,
221,1,3,1,,3,4,,,7,,,,--,--,--,--,--,--,--,--,--,--,--,--,--,--,--,--,1,1,2,,,,1,2,2,2,2,,,
222,,,--,--,--,--,--,--,--,--,--,--,--,--,--,--,--,--,--,--,--,--,--,--,--,--,--,--,,--,--,--,--,--,,,,,,,,
223,2,1,1,2,3,,,,7,8,,,--,--,--,--,--,--,--,--,--,--,--,--,--,--,--,--,1,1,2,3,,,1,2,1,1,2,1,"The Ram Express bus is sometimes completely off-schedule sometimes, such as being in H-lot at 10:30 when it is supposed to be in front of Snyder Hall.",1
224,2,2,1,2,,,,,7,,,,--,--,--,--,--,--,--,--,--,--,--,--,--,--,--,--,1,1,2,,,,2,2,1,1,1,,,
225,,,--,--,--,--,--,--,--,--,--,--,--,--,--,--,--,--,--,--,--,--,--,--,--,--,--,--,,--,--,--,--,--,,,,,,,,
226,1,3,1,,3,4,,,7,,,,--,--,--,--,--,--,--,--,--,--,--,--,--,--,--,--,1,1,2,,,,1,1,1,1,1,,,
227,2,1,1,2,,,5,,,8,9,extreme cold,--,--,--,--,--,--,--,--,--,--,--,--,--,--,--,--,1,1,,3,,,2,1,1,1,1,1,"Ram Express over ram force one should be considered for elimination, but not both as both accomplish travel from one end of campus to another",1
228,2,1,1,2,,4,5,,7,8,,,--,--,--,--,--,--,--,--,--,--,--,--,--,--,--,--,1,1,2,3,,,2,1,1,1,1,1,"I really think that it should stay in service for students safety especially for night classes, inclement weather, and injury (I am an athlete in a boot and can’t walk)  ",
229,,,--,--,--,--,--,--,--,--,--,--,--,--,--,--,--,--,--,--,--,--,--,--,--,--,--,--,,--,--,--,--,--,,,,,,,,
230,2,3,1,,,,,,,,,,--,--,--,--,--,--,--,--,--,--,--,--,--,--,--,--,2,1,2,,,,1,1,3,1,1,,,
231,2,1,1,2,3,,5,,7,8,9,effects of weather hinders attention in class,--,--,--,--,--,--,--,--,--,--,--,--,--,--,--,--,1,1,2,3,5,,1,2,1,1,2,1,"Body reactions to weather are distracting in class for all students. Attention shifts from the lecture to physical ailments. Examples:  winter runny nose, fall leaf mold allergies, spring pollen allergies, or heat nausea and fatigue.",1
232,1,5,,,,,5,6,,,,,--,--,--,--,--,--,--,--,--,--,--,--,--,--,--,--,1,1,2,3,,,2,2,1,4,2,,,
233,1,6,--,--,--,--,--,--,--,--,--,--,,2,3,4,,,1,,,4,5,,,,,,4,1,,,,,2,3,2,4,3,,,
234,2,2,1,2,3,,,,,,,,--,--,--,--,--,--,--,--,--,--,--,--,--,--,--,--,1,1,2,3,,,1,1,2,1,1,1,"For accessibility reasons, I feel that it should be mandatory. There are many students who could not cross the distance due to disabilities without the EPTA. ",
235,2,1,1,2,,,,,7,,,,--,--,--,--,--,--,--,--,--,--,--,--,--,--,--,--,1,1,2,,,,1,1,1,1,1,,,
236,2,1,1,2,,,,,,8,,,--,--,--,--,--,--,--,--,--,--,--,--,--,--,--,--,1,1,,3,,,1,1,1,1,1,1,"EPTA is a wonderful resource for all students. It saves students from having to walk across campus in extreme weather conditions, and it helps us get to class on time. Eliminating EPTA on campus would be a bad decision in many ways. ",
237,,,--,--,--,--,--,--,--,--,--,--,--,--,--,--,--,--,--,--,--,--,--,--,--,--,--,--,,--,--,--,--,--,,,,,,,,
238,1,1,1,2,3,,,,7,,,,--,--,--,--,--,--,--,--,--,--,--,--,--,--,--,--,1,1,2,,,,2,1,1,1,1,,,
239,1,6,--,--,--,--,--,--,--,--,--,--,,,,4,,,1,,,4,,,,,,,1,1,,,,,1,2,1,2,1,,,
240,1,6,--,--,--,--,--,--,--,--,--,--,--,--,--,--,--,--,--,--,--,--,--,--,--,--,--,--,,--,--,--,--,--,,,,,,,,
241,2,6,--,--,--,--,--,--,--,--,--,--,,2,3,,,,1,2,,4,,,7,,,,1,,,,,4,1,4,2,4,4,,,
242,2,3,1,2,,,,6,7,,,,--,--,--,--,--,--,--,--,--,--,--,--,--,--,--,--,1,1,2,3,5,,2,1,1,1,1,,,
243,2,3,1,,,,,,,,,,--,--,--,--,--,--,--,--,--,--,--,--,--,--,--,--,1,,2,,,,2,2,1,2,2,,,
244,1,3,1,,,,5,,7,8,,,--,--,--,--,--,--,--,--,--,--,--,--,--,--,--,--,,--,--,--,--,--,,,,,,,,
245,2,1,1,2,3,,,6,,8,,,--,--,--,--,--,--,--,--,--,--,--,--,--,--,--,--,1,1,2,,,,1,1,1,1,1,,,
246,1,1,1,2,3,4,5,6,7,8,,,--,--,--,--,--,--,--,--,--,--,--,--,--,--,--,--,,--,--,--,--,--,,,,,,,,
247,1,1,1,,,,,,7,,,,--,--,--,--,--,--,--,--,--,--,--,--,--,--,--,--,1,1,2,,,,2,1,1,2,1,1,"I know the bus service has helped a lot of people, especially if they have a disability and it has a leviated a lot of stress for commuters to find parking nearby classes.",
248,2,1,1,2,3,4,5,,,8,,,--,--,--,--,--,--,--,--,--,--,--,--,--,--,--,--,1,1,2,3,5,,2,1,1,1,1,1,"Cut the sports budget, leave buses alone",
249,2,1,1,2,,,,,7,,,,--,--,--,--,--,--,--,--,--,--,--,--,--,--,--,--,1,1,2,3,,,1,1,1,1,1,1,I rely on the buses everyday so to remove them for any reason would be a huge inconvenience for me as well as so many other students I see use it everyday.,
250,2,6,--,--,--,--,--,--,--,--,--,--,--,--,--,--,--,--,--,--,--,--,--,--,--,--,--,--,,--,--,--,--,--,,,,,,,,
251,1,1,1,2,3,,,6,,8,,,--,--,--,--,--,--,--,--,--,--,--,--,--,--,--,--,1,1,2,3,,,1,1,3,1,2,1,The only EPTA issue we should be looking at right now is the lack of keeping schedule and how the driver break mess people up on T Th cause it is during the time classes switch forcing those to walk across campus whether or not they have the ability,1
252,,,--,--,--,--,--,--,--,--,--,--,--,--,--,--,--,--,--,--,--,--,--,--,--,--,--,--,,--,--,--,--,--,,,,,,,,
253,2,3,1,2,,,,,7,,,,--,--,--,--,--,--,--,--,--,--,--,--,--,--,--,--,1,,2,,,,1,1,1,1,1,1,We need the EPTA bus,
254,1,1,1,,3,,,,,8,,,--,--,--,--,--,--,--,--,--,--,--,--,--,--,--,--,1,,2,3,,,1,1,1,1,1,,,
255,1,3,1,2,3,4,5,,7,,,,--,--,--,--,--,--,--,--,--,--,--,--,--,--,--,--,1,1,2,3,5,,2,1,1,1,3,1,align with class times to avoid involuntary tardiness,
256,1,1,1,2,,,5,6,7,,,,--,--,--,--,--,--,--,--,--,--,--,--,--,--,--,--,1,1,2,3,5,,2,1,1,1,1,,,
257,2,3,1,2,,4,5,,7,,,,--,--,--,--,--,--,--,--,--,--,--,--,--,--,--,--,1,1,2,3,5,,1,2,2,2,2,,,
258,2,1,1,2,3,,,,7,,,,--,--,--,--,--,--,--,--,--,--,--,--,--,--,--,--,1,,2,3,,,2,1,1,1,2,,,
259,3,1,1,2,3,,,6,7,,,,--,--,--,--,--,--,--,--,--,--,--,--,--,--,--,--,1,1,2,3,,,1,1,1,1,1,1,Myself and a few of my friends used only that to get to and from classes due to disability. One of our friends was a wheelchair user and because of the buses he could get to the dining hall to have lunch and dinner every day. ,
260,2,2,1,2,,,,,7,,,,--,--,--,--,--,--,--,--,--,--,--,--,--,--,--,--,1,1,2,,,,2,1,1,1,1,,,
261,2,1,1,2,,,,,7,,,,--,--,--,--,--,--,--,--,--,--,--,--,--,--,--,--,1,1,2,,,,2,1,1,1,1,,,
262,,,--,--,--,--,--,--,--,--,--,--,--,--,--,--,--,--,--,--,--,--,--,--,--,--,--,--,,--,--,--,--,--,,,,,,,,
263,2,5,,,,,,,,,9,It was there when going to dorm,--,--,--,--,--,--,--,--,--,--,--,--,--,--,--,--,4,,,,,4,2,1,4,2,4,1,Get rid of it. It’s a waste of money. Have the people walk it will be good for them. ,
264,2,2,1,2,,,,,7,8,9,to avoid the cold,--,--,--,--,--,--,--,--,--,--,--,--,--,--,--,--,1,,2,3,,,1,2,1,1,1,,,
265,1,6,--,--,--,--,--,--,--,--,--,--,,2,,,5,I normally don't have trouble for my 1 late afternoon course 1x month,,,,,,,7,,,,1,,,,,4,1,,1,4,,1,"Not sure if already an option, but offer monthly passes at a cheaper rate than daily price; allow students to purchase ticket/pass with their financial aid/loan funds.",
266,2,1,1,2,3,,,,7,8,,,--,--,--,--,--,--,--,--,--,--,--,--,--,--,--,--,1,1,2,3,,,2,1,1,1,2,,,
267,2,3,1,2,3,,,,,,,,--,--,--,--,--,--,--,--,--,--,--,--,--,--,--,--,2,1,2,,,,1,1,1,3,1,,,
268,2,1,1,2,3,,5,,7,8,,,--,--,--,--,--,--,--,--,--,--,--,--,--,--,--,--,1,1,2,3,5,,1,1,2,1,2,,,
269,1,1,1,,3,,5,,7,,,,--,--,--,--,--,--,--,--,--,--,--,--,--,--,--,--,1,1,2,,,,1,2,1,3,2,,,
270,2,1,1,2,3,,,,,8,,,--,--,--,--,--,--,--,--,--,--,--,--,--,--,--,--,1,1,,3,5,,1,1,1,1,1,,,
271,2,5,,,,,,,,,9,To get home from class,--,--,--,--,--,--,--,--,--,--,--,--,--,--,--,--,1,1,2,3,,,2,1,2,2,2,,,
272,2,2,1,2,,,,,,,,,--,--,--,--,--,--,--,--,--,--,--,--,--,--,--,--,1,,2,3,,,1,1,2,1,1,,,
273,2,1,1,2,,,,,7,,,,--,--,--,--,--,--,--,--,--,--,--,--,--,--,--,--,1,,2,3,,,1,1,2,1,1,,,
274,2,1,1,2,3,4,,,7,8,,,--,--,--,--,--,--,--,--,--,--,--,--,--,--,--,--,1,1,2,3,5,,2,1,4,1,1,1,don’t take way the bus it’s soooooo helpful ,
275,2,6,--,--,--,--,--,--,--,--,--,--,,,3,4,,,1,2,,,5,,,,,,3,1,2,,,,2,4,1,4,4,1,Na,1
276,2,2,1,2,3,4,,,,,,,--,--,--,--,--,--,--,--,--,--,--,--,--,--,--,--,1,1,2,3,5,,2,1,1,1,1,,,
277,,,--,--,--,--,--,--,--,--,--,--,--,--,--,--,--,--,--,--,--,--,--,--,--,--,--,--,,--,--,--,--,--,,,,,,,,
278,1,3,1,2,3,4,,,7,,,,--,--,--,--,--,--,--,--,--,--,--,--,--,--,--,--,1,1,2,3,,,1,2,3,1,2,1,"The bus is extremely important for people who have injuries, and commuters that need to park at h-lot. I would argue that another bus",
279,1,6,--,--,--,--,--,--,--,--,--,--,1,,,4,,,,,,,,,,,9,I would not use it,4,,,,,4,2,,,,,,,
280,2,1,1,,,,,,,,,,--,--,--,--,--,--,--,--,--,--,--,--,--,--,--,--,1,1,2,,,,2,1,1,1,2,,,
281,2,1,1,2,3,,5,,,8,,,--,--,--,--,--,--,--,--,--,--,--,--,--,--,--,--,1,,,3,5,,2,1,1,1,1,,,
282,2,2,1,2,,,,,7,,,,--,--,--,--,--,--,--,--,--,--,--,--,--,--,--,--,1,1,2,,,,2,1,1,1,1,1,"The service is great but if it is not continued, a parking lot for residents is needed. It is not always possible to walk especially during the colder months or for those who are injured.",
283,2,1,1,2,3,,,,,,,,--,--,--,--,--,--,--,--,--,--,--,--,--,--,--,--,1,1,2,3,5,,1,2,1,1,2,,,
284,1,2,1,,,,,,,,,,--,--,--,--,--,--,--,--,--,--,--,--,--,--,--,--,1,1,2,,,,1,1,1,1,1,1,Helps me to and from far away parking lots during the cold weather times...,1
285,1,1,--,--,--,--,--,--,--,--,--,--,--,--,--,--,--,--,--,--,--,--,--,--,--,--,--,--,,--,--,--,--,--,,,,,,,,
286,2,2,1,2,,,,,,,,,--,--,--,--,--,--,--,--,--,--,--,--,--,--,--,--,2,1,,3,,,1,2,2,2,2,,,
287,2,3,1,,,,,,,,,,--,--,--,--,--,--,--,--,--,--,--,--,--,--,--,--,1,1,,,,,2,1,1,1,1,1,"walking to class in freezing temperatures at 8am is really hard, especially when carrying stuff. sometimes the only reason i have the motivation to go to my earliest classes because i know there is a bus and i dont have the energy to walk",
288,2,1,1,,,,,,,,,,--,--,--,--,--,--,--,--,--,--,--,--,--,--,--,--,1,1,2,,,,2,1,1,1,1,1,I think it is great for students on campus since there isn’t any parking for students on campus that are residents. ,
289,1,1,1,,,,,,7,,,,--,--,--,--,--,--,--,--,--,--,--,--,--,--,--,--,1,1,2,,,,2,2,2,1,1,1,"If EPTA were to be discontinued, it would cause lots of problems (At least for those using H lot and taking advantage of the bus stops). If that were to happen, I believe that expanding parking on campus would compensate.",1
290,1,1,1,,,4,,,,8,9,To go home and travel to school,--,--,--,--,--,--,--,--,--,--,--,--,--,--,--,--,1,1,2,,,,1,1,2,1,2,1,I think this service should be continued because it is a very important and helpful resource for students that live on and off campus.,
291,1,6,--,--,--,--,--,--,--,--,--,--,1,2,,,,,1,,,4,,,7,,,,1,1,,3,5,,1,2,1,4,1,1,Having a shuttle is a life line and the service should not be stopped ,
292,2,3,1,2,3,,,,7,8,,,--,--,--,--,--,--,--,--,--,--,--,--,--,--,--,--,1,1,,,5,,2,2,1,1,2,1,Taking EPTA services denies people with physical disabilities the transportation they need to attend classes. You are devaluing your most expensive housing options.  Where is the tuition allotted for transportation going?? ,
293,2,1,1,2,3,,,,7,8,,,--,--,--,--,--,--,--,--,--,--,--,--,--,--,--,--,1,1,,,5,,2,2,2,2,2,1,"If any changes must be made, I think altering the hours should be considered over total elimination. It would only increase the parking issues and decrease students’ campus involvement.",
294,1,4,1,2,3,4,5,6,7,,,,--,--,--,--,--,--,--,--,--,--,--,--,--,--,--,--,1,1,2,3,5,,2,1,1,1,1,1,"Every student is furious about reductions/cut of EPTA & feel its punitive to the students. If programs & services continue to be cut, enrollment will keep declining as SU becomes less attractive & competitive with other schools ",
295,1,6,--,--,--,--,--,--,--,--,--,--,,,,,5,not interested,1,,,,,,7,,,,3,,,,,4,2,2,3,3,2,,,
296,2,1,1,2,,,,,7,,,,--,--,--,--,--,--,--,--,--,--,--,--,--,--,--,--,1,1,2,,,,2,1,1,2,2,1,"Please keep the busses. It is crazy to expect residents to walk across campus in freezing temperatures. Even if they have a car, there is no where to park without getting ticketed. So keep the busses or make a residents lot with adequate parking.",
297,1,6,--,--,--,--,--,--,--,--,--,--,,,3,4,,,1,,,,,,7,,,,3,,,,,4,2,2,1,3,2,,,
298,2,1,1,2,,,,,7,,,,--,--,--,--,--,--,--,--,--,--,--,--,--,--,--,--,1,1,2,3,,,2,1,1,1,1,1,The EPTA is a very important part of this campus and everyone agrees. ,
299,2,2,--,--,--,--,--,--,--,--,--,--,--,--,--,--,--,--,--,--,--,--,--,--,--,--,--,--,,--,--,--,--,--,,,,,,,,
300,1,5,1,2,3,,,,,,,,--,--,--,--,--,--,--,--,--,--,--,--,--,--,--,--,1,1,2,3,5,,1,2,2,2,2,,,
301,2,6,--,--,--,--,--,--,--,--,--,--,,,3,,,,,,,,,,,,9,If it’s really cold I would maybe ,3,,,,,4,2,3,3,2,2,,,
302,2,1,1,2,,,5,6,7,,,,--,--,--,--,--,--,--,--,--,--,--,--,--,--,--,--,1,1,2,,,,2,1,1,1,2,,,
303,2,1,1,2,3,4,,,7,8,,,--,--,--,--,--,--,--,--,--,--,--,--,--,--,--,--,1,1,2,3,5,,2,1,1,1,1,1,"The bus is a CRUCIAL part of shepherd university. Making residents pay 70 dollars for a parking pass makes the bus the only way for us to get across campus, making us pay for this as well is insane ",1
304,2,1,1,2,3,4,,,,,,,--,--,--,--,--,--,--,--,--,--,--,--,--,--,--,--,1,1,2,,,,2,1,1,1,1,1,"Getting rid of the bus is a terrible idea. I as well as many of my peers need the bus, especially during the winter when it is too cold to walk to classes. ",
305,2,1,1,2,,,,6,,,,,--,--,--,--,--,--,--,--,--,--,--,--,--,--,--,--,,--,--,--,--,--,,,,,,,,
306,,,--,--,--,--,--,--,--,--,--,--,--,--,--,--,--,--,--,--,--,--,--,--,--,--,--,--,,--,--,--,--,--,,,,,,,,
307,2,1,1,2,3,4,5,6,7,8,,,--,--,--,--,--,--,--,--,--,--,--,--,--,--,--,--,1,1,2,3,,,2,2,1,2,1,1,"This makesstudent lives harder,worsen the parking problem,impact disabled students, impact those financially struggling, ANDPut YOUR students in unsafe situations.If you stop epta Shepherd should be required to install blue light emergency stations ",
308,1,6,--,--,--,--,--,--,--,--,--,--,,,,,5,,,,,,,,,,9,,4,,,,,4,2,4,3,1,4,,,
309,1,3,1,,,,,,7,,,,--,--,--,--,--,--,--,--,--,--,--,--,--,--,--,--,1,1,2,,,,1,1,1,1,1,,,
310,1,1,1,2,,,,,7,,,,--,--,--,--,--,--,--,--,--,--,--,--,--,--,--,--,1,1,2,,,,2,2,1,2,2,,,
311,1,6,--,--,--,--,--,--,--,--,--,--,,,3,4,,,,,,,,,,,9,,3,,,,,4,2,2,4,2,3,,,
312,2,4,1,2,,,,,7,,,,--,--,--,--,--,--,--,--,--,--,--,--,--,--,--,--,3,1,2,,,,2,2,2,2,2,,,
313,1,6,--,--,--,--,--,--,--,--,--,--,,,,4,,,,,,,,,,8,,,4,,,,,4,1,1,4,4,2,,,
314,1,6,--,--,--,--,--,--,--,--,--,--,,,,4,,,,,,,5,,,,,,3,,,,,4,2,2,2,2,2,,,
315,1,6,--,--,--,--,--,--,--,--,--,--,,,3,4,,,,,,,,,,,9,I wouldn’t ,4,,,,,4,2,4,4,4,4,1,"Cancel it, it’s a waste of money, the campus is small enough to walk",
316,2,1,1,2,3,4,5,,7,,,,--,--,--,--,--,--,--,--,--,--,--,--,--,--,--,--,1,1,2,3,5,,2,2,2,2,1,1,All the students without cars,
317,1,6,--,--,--,--,--,--,--,--,--,--,,,3,,,,1,,,,,,,,,,3,,,,,4,2,2,2,2,2,1,n/a,
318,1,6,--,--,--,--,--,--,--,--,--,--,,,,4,,,,,,,5,,,,,,3,,2,3,,,2,2,3,2,2,1,Eliminated - it’s a 10 minute walk cross-campus with multiple route options. The thousands of dollars spent on EPTA could be better spent elsewhere!!!,
319,1,1,1,2,,4,,,7,,,,--,--,--,--,--,--,--,--,--,--,--,--,--,--,--,--,2,1,2,,,,2,2,1,2,2,,,
320,,,--,--,--,--,--,--,--,--,--,--,--,--,--,--,--,--,--,--,--,--,--,--,--,--,--,--,,--,--,--,--,--,,,,,,,,
321,1,6,--,--,--,--,--,--,--,--,--,--,,,,,5,"I use handicap parking. But we could really use more spots, exp by White Hall",,,,,,,,,9,N/A - Only used when ShepFest is happnenig and they use the shuttles ,1,,,,,4,2,2,2,2,2,1,"In the morning right before 9 AM if there are 2 busses they will block the handicap parking on the main strip, in front of Snyder across from Stutzman-Slon. It would be cool if they maybe didn't do that. ",
322,3,6,--,--,--,--,--,--,--,--,--,--,,,,,5,I drive to school,1,,,,,,7,,,,1,,,,,4,2,,,,,,,
323,2,1,1,,,,,,7,,,,--,--,--,--,--,--,--,--,--,--,--,--,--,--,--,--,1,1,2,,,,2,1,1,1,1,,,
324,2,3,1,2,,,5,,7,,,,--,--,--,--,--,--,--,--,--,--,--,--,--,--,--,--,1,1,2,,,,2,1,1,3,1,,,
325,1,6,--,--,--,--,--,--,--,--,--,--,,,,4,,,,,,,,,7,,,,3,,2,,,,1,1,2,3,2,,,
326,2,1,1,,,,5,,7,,,,--,--,--,--,--,--,--,--,--,--,--,--,--,--,--,--,1,1,2,3,,,1,2,1,1,2,1,"The EPTA is crucial for when the weather is bad, or cold. ",1
327,1,5,,,,,,,,,9,Only if there is no parking available,--,--,--,--,--,--,--,--,--,--,--,--,--,--,--,--,,--,--,--,--,--,,,,,,,,
328,2,1,1,2,,,,,7,,,,--,--,--,--,--,--,--,--,--,--,--,--,--,--,--,--,2,1,2,,,,1,1,1,1,1,,,
329,1,1,1,2,3,,,6,7,,,,--,--,--,--,--,--,--,--,--,--,--,--,--,--,--,--,1,1,2,3,,,1,2,1,2,2,,,
330,2,2,1,2,3,4,5,,7,8,,,--,--,--,--,--,--,--,--,--,--,--,--,--,--,--,--,1,1,2,3,5,,2,1,1,1,1,1,Please keep the EPTA or some other form of campus transportation.,
331,2,1,1,2,3,4,,,,,,,--,--,--,--,--,--,--,--,--,--,--,--,--,--,--,--,1,,2,,,,2,2,1,1,2,,,
332,1,1,1,2,,,,,7,,,,--,--,--,--,--,--,--,--,--,--,--,--,--,--,--,--,1,1,2,3,,,2,3,2,3,3,,,
333,1,5,,2,,,,,,,,,--,--,--,--,--,--,--,--,--,--,--,--,--,--,--,--,1,1,2,3,,,2,1,2,1,1,,,
334,1,5,1,,,,5,,7,,,,--,--,--,--,--,--,--,--,--,--,--,--,--,--,--,--,1,1,2,,,,1,1,1,2,1,1,I believe the length of time the routes run into the evening/night could be reduced. Additionally the number of stops could also be reduced to help align bus schedules with classes for taking students from west to east campus.,1
335,2,5,1,2,3,,,,7,,,,--,--,--,--,--,--,--,--,--,--,--,--,--,--,--,--,1,1,2,3,,,1,1,1,1,1,,,
336,1,6,--,--,--,--,--,--,--,--,--,--,,,3,4,,,,,,4,,,,,,,3,,,,,4,2,2,3,2,2,1,The bus system is useful for disabled students,
337,1,6,--,--,--,--,--,--,--,--,--,--,,,,4,,,1,,,,,,7,,,,2,1,2,,,,2,2,2,2,2,1,"With friends who live on campus, and friends who have trouble searching for parking, the EPTA service as an option in important.",
338,2,1,1,2,,,,,,,,,--,--,--,--,--,--,--,--,--,--,--,--,--,--,--,--,1,1,2,,,,1,2,1,1,1,,,
339,2,2,1,2,3,,,6,,,,,--,--,--,--,--,--,--,--,--,--,--,--,--,--,--,--,1,1,2,,,,2,1,2,2,1,,,
340,2,1,1,2,,4,,,7,8,,,--,--,--,--,--,--,--,--,--,--,--,--,--,--,--,--,1,1,2,,,,2,2,1,1,2,,,
341,2,1,1,2,,4,5,,7,,,,--,--,--,--,--,--,--,--,--,--,--,--,--,--,--,--,1,,2,,5,,1,1,1,1,1,,,
342,2,4,1,2,,,,,,,,,--,--,--,--,--,--,--,--,--,--,--,--,--,--,--,--,1,,2,3,5,,2,1,1,1,1,1,This is great keep it going ,1
343,2,1,1,2,,,,,7,8,,,--,--,--,--,--,--,--,--,--,--,--,--,--,--,--,--,2,1,2,,,,2,1,1,2,1,,,
344,1,5,,,,4,,,7,,,,--,--,--,--,--,--,--,--,--,--,--,--,--,--,--,--,1,1,2,,,,2,1,1,2,1,,,
345,2,1,1,2,3,4,,,7,,,,--,--,--,--,--,--,--,--,--,--,--,--,--,--,--,--,1,1,2,,,,2,1,1,1,1,,,
346,1,6,--,--,--,--,--,--,--,--,--,--,--,--,--,--,--,--,--,--,--,--,--,--,--,--,--,--,,--,--,--,--,--,,,,,,,,
347,1,6,--,--,--,--,--,--,--,--,--,--,,2,,,5,I believe EPTA doesn't provide rides from my location which is Ranson.,,,,4,,,7,,,,2,1,,3,,,2,1,1,4,2,1,Altered if cuts need to be made. I would try to see what times are the busiest during the day and try to provide rides during those times and deduct the other time slots. ,
348,1,5,1,,3,,,,7,,,,--,--,--,--,--,--,--,--,--,--,--,--,--,--,--,--,1,,2,3,,,2,2,1,1,1,1,This service allows students to get across campus quickly and alleviates parking responsibilities.,
349,2,1,1,2,3,4,5,6,,8,,,--,--,--,--,--,--,--,--,--,--,--,--,--,--,--,--,1,1,,,5,,2,1,2,1,1,,,
350,1,6,--,--,--,--,--,--,--,--,--,--,--,--,--,--,--,--,--,--,--,--,--,--,--,--,--,--,,--,--,--,--,--,,,,,,,,
351,2,2,1,2,,4,,,7,,,,--,--,--,--,--,--,--,--,--,--,--,--,--,--,--,--,,--,--,--,--,--,,,,,,,,
352,1,6,--,--,--,--,--,--,--,--,--,--,1,,3,,,,1,,,4,,,7,,,,1,1,,,,,2,3,1,3,2,,,
353,1,6,--,--,--,--,--,--,--,--,--,--,,,,4,5,don’t have any classes far enough for a bus,,,,4,5,6,7,,,,1,,,,,4,1,1,2,1,1,,,
354,2,1,1,2,3,4,,,7,8,,,--,--,--,--,--,--,--,--,--,--,--,--,--,--,--,--,1,,2,,,,2,1,1,1,1,,,
355,1,5,1,,,,,,7,,,,--,--,--,--,--,--,--,--,--,--,--,--,--,--,--,--,1,,2,3,,,2,3,4,1,2,1,how are residents expected to get across campus without this service- walking in extreme temperatures? this is especially prevalent when considering the lack of resident parking near the student center and surrounding academic buildings. ,
356,2,1,1,2,3,4,,,,,,,--,--,--,--,--,--,--,--,--,--,--,--,--,--,--,--,1,1,2,3,,,2,1,1,1,1,,,1
357,1,2,1,,,,,,7,,,,--,--,--,--,--,--,--,--,--,--,--,--,--,--,--,--,1,1,2,3,,,2,2,1,1,1,,,
358,2,1,1,2,,,5,6,,8,,,--,--,--,--,--,--,--,--,--,--,--,--,--,--,--,--,1,1,2,3,5,,1,1,1,1,2,,,
359,1,6,--,--,--,--,--,--,--,--,--,--,,,3,4,,,1,,,,,,,,,,4,,,,,4,2,3,3,3,2,,,
360,1,1,1,2,,,,,7,8,,,--,--,--,--,--,--,--,--,--,--,--,--,--,--,--,--,1,1,2,3,5,,2,2,1,3,2,,,
361,,,--,--,--,--,--,--,--,--,--,--,--,--,--,--,--,--,--,--,--,--,--,--,--,--,--,--,,--,--,--,--,--,,,,,,,,
362,2,1,1,2,3,4,,6,7,8,,,--,--,--,--,--,--,--,--,--,--,--,--,--,--,--,--,1,1,2,,5,,1,1,1,1,1,1,I live in the apartments and the EPTA is the only reason why i make it to class on time. And the only reason I've gone to class during the cold weather. Not everyone can easily afford a car (I cannot). ,
363,2,1,1,2,,,,6,7,,,,--,--,--,--,--,--,--,--,--,--,--,--,--,--,--,--,1,1,2,3,,,1,1,1,2,1,,,
364,2,2,1,2,3,,5,,,,,,--,--,--,--,--,--,--,--,--,--,--,--,--,--,--,--,1,,2,3,,,2,1,1,1,1,1,Keep the bus it’s very necessary because campus gets very cold for 4 months out of the year and maybe instead of spending money on the athletics new locker rooms spend something on the bus,
365,1,1,1,2,3,4,,,7,8,,,--,--,--,--,--,--,--,--,--,--,--,--,--,--,--,--,1,1,,3,,,1,1,1,1,1,1,"This service is essential for Shepherd students, please don’t get rid of it",
366,1,1,1,2,3,4,,,7,,9,get across campus quickly,--,--,--,--,--,--,--,--,--,--,--,--,--,--,--,--,1,1,2,3,,,2,1,1,1,1,,,
367,1,6,--,--,--,--,--,--,--,--,--,--,,,,4,,,1,,,,,6,,8,,,1,1,2,,5,,2,2,1,4,1,1,I drive but I do know a few students that have mentioned the time of the bus coming and going from Martinsburg. ,
368,2,2,1,2,,,,,,,,,--,--,--,--,--,--,--,--,--,--,--,--,--,--,--,--,2,1,2,,,,1,2,2,2,2,,,
369,1,3,1,2,,,,,7,,,,--,--,--,--,--,--,--,--,--,--,--,--,--,--,--,--,1,1,2,,,,1,1,2,1,1,,,
370,2,3,1,2,3,4,5,,,,,,--,--,--,--,--,--,--,--,--,--,--,--,--,--,--,--,1,1,2,3,,,2,1,1,,1,,,
371,1,5,1,,,,,,,,,,--,--,--,--,--,--,--,--,--,--,--,--,--,--,--,--,,--,--,--,--,--,,,,,,,,
372,1,5,1,,,,,,7,,,,--,--,--,--,--,--,--,--,--,--,--,--,--,--,--,--,1,1,2,,,,1,1,2,2,1,,,
373,2,1,1,2,,,,,7,,,,--,--,--,--,--,--,--,--,--,--,--,--,--,--,--,--,1,1,2,,,,2,2,1,1,1,1,They r important ,1
374,1,6,--,--,--,--,--,--,--,--,--,--,,,,,5,"don't know the stop times, have a car",1,,,,,,7,,,,1,1,,,,,2,1,1,3,2,1,we need more parking,
375,2,1,1,2,3,,,6,7,8,,,--,--,--,--,--,--,--,--,--,--,--,--,--,--,--,--,1,1,2,3,,,1,1,1,1,2,,,
376,2,2,1,2,,,,6,,8,,,--,--,--,--,--,--,--,--,--,--,--,--,--,--,--,--,1,1,2,,,,1,1,2,1,1,,,
377,2,3,1,2,,,,,7,8,,,--,--,--,--,--,--,--,--,--,--,--,--,--,--,--,--,1,1,2,3,,,1,2,2,1,1,,,
378,2,1,1,2,3,4,5,6,7,8,,,--,--,--,--,--,--,--,--,--,--,--,--,--,--,--,--,1,1,2,3,5,,2,1,1,1,1,1,The shuttle service should not be eliminated under any circumstance. It is vital for students to access their classes and get where they need to be in a timely manner on campus.,
379,1,1,1,,,,5,,7,,,,--,--,--,--,--,--,--,--,--,--,--,--,--,--,--,--,1,1,2,3,,,2,1,1,1,3,1,Franks art center the Ram Force bus drove right pass & didn’t stop causing me to walk across campus when I have a bad back injury As I saw the bus come up it did not go into the half circle briefly stopped took off as I walked towards her.,
380,1,5,1,,,4,,,7,,,,--,--,--,--,--,--,--,--,--,--,--,--,--,--,--,--,2,,,,,4,2,2,2,1,1,,,
381,1,3,1,,,,,,,,,,--,--,--,--,--,--,--,--,--,--,--,--,--,--,--,--,1,1,2,,,,2,1,1,1,1,,,
382,1,1,1,2,3,4,,,7,,,,--,--,--,--,--,--,--,--,--,--,--,--,--,--,--,--,1,1,2,3,5,,1,2,1,1,1,,,
383,,,--,--,--,--,--,--,--,--,--,--,--,--,--,--,--,--,--,--,--,--,--,--,--,--,--,--,,--,--,--,--,--,,,,,,,,
384,1,6,--,--,--,--,--,--,--,--,--,--,,,,,5,their schedule & mine have never coincided,,,,,,6,7,,,,3,1,2,,,,2,3,2,3,3,1,Students pay plenty in 'small fees' as it is. These things add up.,
385,2,1,1,2,3,4,,,,8,,,--,--,--,--,--,--,--,--,--,--,--,--,--,--,--,--,1,1,2,3,5,,1,2,2,1,1,1,This is not the thing to cut because of budget concerns figure something else out,1
386,1,6,--,--,--,--,--,--,--,--,--,--,,,,4,,,,,,,,,7,,,,3,,,,,4,2,1,3,2,1,,,
387,2,1,1,2,,,5,6,7,,,,--,--,--,--,--,--,--,--,--,--,--,--,--,--,--,--,2,1,2,,,,1,1,1,3,1,,,
388,,,--,--,--,--,--,--,--,--,--,--,--,--,--,--,--,--,--,--,--,--,--,--,--,--,--,--,,--,--,--,--,--,,,,,,,,
389,1,6,--,--,--,--,--,--,--,--,--,--,,2,3,4,,,1,2,3,4,5,,7,,,,1,1,,,,,2,2,1,2,1,1,I don't know,1
390,2,4,1,2,,,,,,,,,--,--,--,--,--,--,--,--,--,--,--,--,--,--,--,--,1,,2,,,,2,1,1,1,1,,,
391,2,5,1,,,,,,,,,,--,--,--,--,--,--,--,--,--,--,--,--,--,--,--,--,1,1,,,,,2,2,1,2,2,,,
392,2,1,1,2,3,4,,,7,,,,--,--,--,--,--,--,--,--,--,--,--,--,--,--,--,--,1,1,2,3,,,2,1,1,1,1,,,
393,2,6,--,--,--,--,--,--,--,--,--,--,,,3,4,,,1,,,,5,,,,,,3,,,,,4,2,2,3,2,2,,,
394,1,5,,,,,,,7,,9,Weather when I park on west campus,--,--,--,--,--,--,--,--,--,--,--,--,--,--,--,--,2,1,2,3,,,1,2,3,2,2,,,
395,1,1,1,2,,4,,6,7,,9,I have POTS and this bus system helps me significantly and lowers my stress when it comes to parking,--,--,--,--,--,--,--,--,--,--,--,--,--,--,--,--,1,,2,3,,,2,1,1,1,2,1,"The bus system is crucial to my day to day life on shepherds campus. I however do not have the funds to support the buses, as I already in my tuition get charged to support the athletes and other charges that don’t pertain to my education.  ",
396,2,4,1,2,,,,,,,,,--,--,--,--,--,--,--,--,--,--,--,--,--,--,--,--,1,1,2,3,,,2,1,1,1,1,1,The lady that does the ram force one bus during the day is so nice!,1
397,1,1,1,,,,,,7,,,,--,--,--,--,--,--,--,--,--,--,--,--,--,--,--,--,1,1,2,,,,1,1,1,1,1,,,
398,1,5,,,,,,,7,,,,--,--,--,--,--,--,--,--,--,--,--,--,--,--,--,--,1,,,,,4,1,2,2,3,2,1,I would be happy to pay a fee to keep the EPTA continued. It is crucial that students have a consistent means of transportation. ,
399,2,5,1,2,3,,,,,,,,--,--,--,--,--,--,--,--,--,--,--,--,--,--,--,--,1,1,2,3,5,,1,3,2,1,3,1,"I believe we need to keep EPTA, but the schedule of it is inconvenient. I never take the bus because it doesn't line up with my schedule. If anything, we should add another bus with a different schedule                        ",
400,2,1,1,2,3,,,6,7,,,,--,--,--,--,--,--,--,--,--,--,--,--,--,--,--,--,1,1,2,3,,,2,1,1,1,1,,,
401,2,1,1,2,,,,,,8,,,--,--,--,--,--,--,--,--,--,--,--,--,--,--,--,--,1,1,2,3,,,2,1,1,1,1,1,none,
402,1,1,1,2,3,4,,6,,8,,,--,--,--,--,--,--,--,--,--,--,--,--,--,--,--,--,1,1,2,,5,,1,1,1,1,1,,,
403,2,3,1,2,3,,,,,,9,To get back to my residential hall,--,--,--,--,--,--,--,--,--,--,--,--,--,--,--,--,1,,2,,,,2,1,3,1,2,,,
404,1,5,1,,,,,,,,,,--,--,--,--,--,--,--,--,--,--,--,--,--,--,--,--,1,1,2,,,,2,1,1,1,1,,,
405,1,6,--,--,--,--,--,--,--,--,--,--,,2,,,5,I get to campus early enough every morning that I don't have to park on west campus,1,,3,,5,6,7,,,,1,,,,,4,2,1,2,3,1,1,"I don't personally use it, but I still think it's useful to other people even if I don't use it.",
406,1,6,--,--,--,--,--,--,--,--,--,--,,,3,4,,,,,,,5,6,,,,,3,,,,,4,2,2,2,4,2,,,
407,2,6,--,--,--,--,--,--,--,--,--,--,,,3,,,,1,2,,,5,6,,8,,,1,,,,,4,1,1,1,2,1,1,"The EPTA is a crucial part of the campus. Even as someone who doesn’t use it, the benefits it offers outweigh the cost. Accessibility, safety, and convenience are just a small part of the EPTA’s importance here.",
408,2,1,1,2,,,5,,7,,,,--,--,--,--,--,--,--,--,--,--,--,--,--,--,--,--,1,1,2,,,,2,1,1,1,1,,,
409,1,2,1,,,4,,,,,,,--,--,--,--,--,--,--,--,--,--,--,--,--,--,--,--,1,1,2,3,,,2,1,1,1,1,,,
410,3,2,1,2,3,4,,,7,8,,,--,--,--,--,--,--,--,--,--,--,--,--,--,--,--,--,1,1,2,3,5,,2,1,1,1,1,1,Please do not take the epta away! It is an issue on accesiblity and safety for many students.,
411,1,5,1,2,,,,,,,,,--,--,--,--,--,--,--,--,--,--,--,--,--,--,--,--,4,,2,,,,2,3,4,3,3,1,The busses and stops mess with traffic and accessibility to handicap spots,
412,1,6,--,--,--,--,--,--,--,--,--,--,,,,4,,,,,,,5,6,,,,,3,,,,,4,1,1,2,1,1,,,
413,2,2,1,2,3,,5,6,7,,,,--,--,--,--,--,--,--,--,--,--,--,--,--,--,--,--,1,1,2,3,5,,2,2,1,1,1,1,EPTA is a lifesaver!!,
414,2,3,1,2,3,,5,,7,8,,,--,--,--,--,--,--,--,--,--,--,--,--,--,--,--,--,1,,2,3,5,,1,1,1,1,1,1,I feel it’s absolutely necessary for a lot students. For me personally I don’t feel safe walking at night and I have classes that go until 8pm. ,
415,1,3,1,,,4,,,7,,,,--,--,--,--,--,--,--,--,--,--,--,--,--,--,--,--,1,1,2,,,,1,1,1,1,1,,,
416,2,1,1,2,3,,,6,7,,,,--,--,--,--,--,--,--,--,--,--,--,--,--,--,--,--,1,1,2,3,5,,2,2,2,1,2,1,please do not eliminate this service from our campus it’s essential to my everyday life and taking it away would mean that disabled students have a much harder time getting around campus,
417,2,1,1,2,,,,,7,8,,,--,--,--,--,--,--,--,--,--,--,--,--,--,--,--,--,1,,2,,5,,2,1,1,1,1,,,
418,1,2,1,2,,,,,7,,,,--,--,--,--,--,--,--,--,--,--,--,--,--,--,--,--,1,1,2,3,,,1,1,1,1,1,1,Many people use the bus due to the minimal amount of parking on East Campus and many others use the bus because of an injury or disability.,
419,1,1,1,2,3,4,5,6,7,8,,,--,--,--,--,--,--,--,--,--,--,--,--,--,--,--,--,1,1,2,3,5,,2,1,1,1,1,1,Students need the bus system,
420,,,--,--,--,--,--,--,--,--,--,--,--,--,--,--,--,--,--,--,--,--,--,--,--,--,--,--,,--,--,--,--,--,,,,,,,,
421,1,6,--,--,--,--,--,--,--,--,--,--,,,,4,,,1,,,4,,6,7,,,,2,1,,,,,2,1,1,3,1,1,When it is cold it makes it helpful for those who park far. Even if it was just a few times a week or less hours it gives someone a job.,
422,,,--,--,--,--,--,--,--,--,--,--,--,--,--,--,--,--,--,--,--,--,--,--,--,--,--,--,,--,--,--,--,--,,,,,,,,
423,1,6,--,--,--,--,--,--,--,--,--,--,,,3,4,5,dont know the times,1,,,4,5,6,7,,,,2,1,,,,,2,2,1,3,2,,,
424,2,3,1,2,,,,,,,,,--,--,--,--,--,--,--,--,--,--,--,--,--,--,--,--,3,,2,3,,,2,2,2,3,2,,,
425,,,--,--,--,--,--,--,--,--,--,--,--,--,--,--,--,--,--,--,--,--,--,--,--,--,--,--,,--,--,--,--,--,,,,,,,,
426,1,6,--,--,--,--,--,--,--,--,--,--,,,,4,,,,,,,,,,,9,I have family members that would drive me to school ,2,,,,,4,2,4,3,4,4,1,It should be continued for the students that really need it ,
427,2,2,1,2,3,,,,,,,,--,--,--,--,--,--,--,--,--,--,--,--,--,--,--,--,1,1,,3,5,,2,1,1,1,1,,,
428,1,6,--,--,--,--,--,--,--,--,--,--,--,--,--,--,--,--,--,--,--,--,--,--,--,--,--,--,,--,--,--,--,--,,,,,,,,
429,1,1,1,,,4,,,,,,,--,--,--,--,--,--,--,--,--,--,--,--,--,--,--,--,1,1,,,,,2,2,2,2,2,,,
430,1,3,1,2,,,,,,,,,--,--,--,--,--,--,--,--,--,--,--,--,--,--,--,--,2,,2,,,,1,1,2,2,1,,,
431,1,2,1,2,3,4,5,6,7,8,,,--,--,--,--,--,--,--,--,--,--,--,--,--,--,--,--,,--,--,--,--,--,,,,,,,,
432,,,--,--,--,--,--,--,--,--,--,--,--,--,--,--,--,--,--,--,--,--,--,--,--,--,--,--,,--,--,--,--,--,,,,,,,,
433,2,2,1,,3,,,,,,,,--,--,--,--,--,--,--,--,--,--,--,--,--,--,--,--,1,1,2,,,,2,1,2,1,1,1,,
434,2,3,1,2,,,,,7,,,,--,--,--,--,--,--,--,--,--,--,--,--,--,--,--,--,1,1,,3,5,,1,1,2,1,1,,,
435,1,1,1,,,,,,7,,,,--,--,--,--,--,--,--,--,--,--,--,--,--,--,--,--,1,1,2,,,,1,1,1,2,1,1,Commuters often have to park far away from their classes like in the H lot. Getting to classes from there is about a 20 minute walk for me which is fine if the weather is good but during winter and summer the weather conditions are harsh,
436,1,6,--,--,--,--,--,--,--,--,--,--,,,3,,,,,,,,,,7,8,,,,--,--,--,--,--,,,,,,,,
437,1,6,--,--,--,--,--,--,--,--,--,--,,,,,5,"I was definitely going to use the ram force to commute but I soon realized that there were only two trips to be made and sadly none of the times lined up with my schedule. I would have loved to use the bus it was easily accessible, but with their only being two trips so I wasn’t able to.",1,,,,,,,,,,3,,,,,4,2,4,1,1,4,1,If to be continue please make more times that the buses make trips. ,
438,,,--,--,--,--,--,--,--,--,--,--,--,--,--,--,--,--,--,--,--,--,--,--,--,--,--,--,,--,--,--,--,--,,,,,,,,
439,1,1,1,2,,,,,7,,,,--,--,--,--,--,--,--,--,--,--,--,--,--,--,--,--,1,1,2,3,,,1,2,2,2,3,,,
440,1,6,--,--,--,--,--,--,--,--,--,--,,2,3,,,,,,,,5,,,,,,3,,,,,4,2,2,1,3,2,,,
441,2,1,1,2,3,,,,,,,,--,--,--,--,--,--,--,--,--,--,--,--,--,--,--,--,1,1,2,3,5,,2,2,1,1,1,,,
442,2,2,1,2,,,,,7,,,,--,--,--,--,--,--,--,--,--,--,--,--,--,--,--,--,1,1,2,,,,2,2,1,2,1,,,
443,1,6,--,--,--,--,--,--,--,--,--,--,1,,,,,,1,,,4,,,,,,,1,1,2,,,,2,2,3,3,3,1,Continued,
444,,,--,--,--,--,--,--,--,--,--,--,--,--,--,--,--,--,--,--,--,--,--,--,--,--,--,--,,--,--,--,--,--,,,,,,,,
445,2,6,--,--,--,--,--,--,--,--,--,--,,,3,4,,,,,,,5,,,,,,4,,,,,4,2,4,3,2,4,1,Totally no need in my opinion. ,
446,1,2,--,--,--,--,--,--,--,--,--,--,--,--,--,--,--,--,--,--,--,--,--,--,--,--,--,--,,--,--,--,--,--,,,,,,,,
447,2,2,1,2,,,,6,,,,,--,--,--,--,--,--,--,--,--,--,--,--,--,--,--,--,1,1,2,,,,1,1,2,1,1,1,N/A,
448,1,6,--,--,--,--,--,--,--,--,--,--,,,,4,,,1,,,,5,6,7,,,,3,1,2,,,,2,2,2,2,2,1,I used EPTA everyday when I lived on campus to get to class. I was easy and convenient and helped me avoid the parking nightmare,
449,2,2,--,--,--,--,--,--,--,--,--,--,--,--,--,--,--,--,--,--,--,--,--,--,--,--,--,--,,--,--,--,--,--,,,,,,,,
450,1,3,1,2,,,5,,7,,,,--,--,--,--,--,--,--,--,--,--,--,--,--,--,--,--,2,1,2,,,,1,2,1,2,1,1,It is really important for students with disabilities to access transportation and there is not enough parking on the East side of campus. Students may not make it to class on time if they have to walk accross campus.,
451,1,2,1,2,,,,,7,,,,--,--,--,--,--,--,--,--,--,--,--,--,--,--,--,--,1,1,2,,,,1,2,2,1,1,1,N/a,
452,2,3,1,2,,,,,,,9,To avoid carrying heavy objects across campus by foot.,--,--,--,--,--,--,--,--,--,--,--,--,--,--,--,--,2,1,,3,,,2,2,2,2,2,1,"I know many people who have benefitted from the availability of the EPTA bus service, myself included. It is very convenient and helpful to those who don't want to/can't walk across campus to where they need to be.",
453,3,1,,,,,,,,,9,To fuck. Hard.,--,--,--,--,--,--,--,--,--,--,--,--,--,--,--,--,3,,,,,4,2,2,3,1,4,1,I need to fuck. Every second. My urges only rises by the day. I fear that one day I will look into the mirror and not recognize my face anymore.,1
454,2,1,1,2,,,,,,,,,--,--,--,--,--,--,--,--,--,--,--,--,--,--,--,--,1,,2,,,,1,1,2,1,1,,,
455,,,--,--,--,--,--,--,--,--,--,--,--,--,--,--,--,--,--,--,--,--,--,--,--,--,--,--,,--,--,--,--,--,,,,,,,,
456,1,1,1,,,4,,,7,,,,--,--,--,--,--,--,--,--,--,--,--,--,--,--,--,--,1,1,2,3,5,,1,1,1,1,1,,,
457,,,--,--,--,--,--,--,--,--,--,--,--,--,--,--,--,--,--,--,--,--,--,--,--,--,--,--,,--,--,--,--,--,,,,,,,,
458,1,1,1,,,4,,,7,8,,,--,--,--,--,--,--,--,--,--,--,--,--,--,--,--,--,1,1,2,,,,2,2,1,1,2,1,There is unfortunately just not enough parking on the East side of campus for every commuter student to park. I would not find it desirable to have to walk from H-lot over to my classes,
459,,,--,--,--,--,--,--,--,--,--,--,--,--,--,--,--,--,--,--,--,--,--,--,--,--,--,--,,--,--,--,--,--,,,,,,,,
460,1,3,,2,,,,6,,,9,"I don't have obligations across campus because I'm not involved in many things, but if I did have places to go, the EPTA would be my only way of getting to them",--,--,--,--,--,--,--,--,--,--,--,--,--,--,--,--,1,,2,3,5,,1,2,2,2,2,1,"The EPTA system is integral to me as a disabled student, but it's important to others as well. Temporary injury, time constraints, parking issues, weather conditions, and other issues apply.",1
461,1,5,,2,,4,,,7,,,,--,--,--,--,--,--,--,--,--,--,--,--,--,--,--,--,2,,2,,,,2,1,2,1,1,,,
462,2,2,1,2,,,,,,,,,--,--,--,--,--,--,--,--,--,--,--,--,--,--,--,--,1,1,2,3,,,2,1,1,1,1,,,
463,2,4,1,2,3,4,5,6,7,,,,--,--,--,--,--,--,--,--,--,--,--,--,--,--,--,--,1,,2,,,,2,1,1,1,1,1,"This should be continued because of those without cars, those who commute and cannot find parking, those who are residents and cannot park because of no resident lots, those with disabilities who psychically cannot drive, and much more ",
464,2,2,1,2,3,4,,,7,8,,,--,--,--,--,--,--,--,--,--,--,--,--,--,--,--,--,1,1,2,,,,2,1,1,1,1,,,
465,2,1,1,2,,,,,,,,,--,--,--,--,--,--,--,--,--,--,--,--,--,--,--,--,1,1,2,3,5,,1,2,2,1,1,,,
466,,,--,--,--,--,--,--,--,--,--,--,--,--,--,--,--,--,--,--,--,--,--,--,--,--,--,--,,--,--,--,--,--,,,,,,,,
467,2,1,1,2,3,4,,,7,8,9,I have been followed and harassed while walking back to my dorm at night ,--,--,--,--,--,--,--,--,--,--,--,--,--,--,--,--,1,1,2,3,,,2,2,1,1,1,,,
468,1,3,1,2,,,,,7,8,,,--,--,--,--,--,--,--,--,--,--,--,--,--,--,--,--,1,1,2,3,5,,1,2,2,2,2,,,
469,2,1,1,,,,5,,,8,,,--,--,--,--,--,--,--,--,--,--,--,--,--,--,--,--,1,1,2,,,,2,1,1,1,1,,,
470,2,2,1,2,3,4,,,7,,,,--,--,--,--,--,--,--,--,--,--,--,--,--,--,--,--,1,1,2,3,,,1,1,1,1,1,,,
471,2,1,1,2,3,,,,7,,,,--,--,--,--,--,--,--,--,--,--,--,--,--,--,--,--,1,1,2,3,5,,1,1,1,1,1,,,
472,2,1,1,2,3,,,,,8,9,Sometimes it’s way too cold or windy to walk across campus comfortably. Plus sometimes it’s quicker than walking,--,--,--,--,--,--,--,--,--,--,--,--,--,--,--,--,1,,2,3,,,1,1,2,1,1,1,"So many people use the bus. There have been so many instances where I’ve gone onto the bus and it was completely full of people. It’s incredibly useful, especially in the cold. I love the bus",
473,1,6,--,--,--,--,--,--,--,--,--,--,,,3,,,,,,,,,,,,9,To go to different sides of campus,3,,,,,4,2,1,4,1,1,1,This service should be altered to have one bus to allow for more fund to go to the library.,
474,1,6,--,--,--,--,--,--,--,--,--,--,,,3,,,,1,,,,,,,,,,1,,,,,4,2,2,2,2,2,,,
475,2,5,1,2,,,,,,,,,--,--,--,--,--,--,--,--,--,--,--,--,--,--,--,--,4,,,,,4,1,2,2,2,2,,,
476,2,5,1,2,,,,,7,,,,--,--,--,--,--,--,--,--,--,--,--,--,--,--,--,--,2,,,3,,,2,2,1,2,2,1,These services should be continued for those with injuries due to athletics or those who are in need of accessible transportation to properly travel through campus as needed.,
